split,label_file,image_file,polygon_rows_preserved,bbox_rows_converted,invalid_rows_skipped,status
train,/Users/balasubramanianvaidyalingam/Downloads/annotated-walk-assist.yolo26/train/labels/00a7ad03-2513-42a6-a090-d8fdc233c5cb_jpg.rf.KXVDvXKpxxFNVoe3dtDW.txt,/Users/balasubramanianvaidyalingam/Downloads/annotated-walk-assist.yolo26/train/images/00a7ad03-2513-42a6-a090-d8fdc233c5cb_jpg.rf.KXVDvXKpxxFNVoe3dtDW.jpg,1,0,0,kept
train,/Users/balasubramanianvaidyalingam/Downloads/annotated-walk-assist.yolo26/train/labels/02f9e396-839e-4800-a527-53a4b4d3c4b9_jpg.rf.kS8Azds5WHEN9vpHHcsH.txt,/Users/balasubramanianvaidyalingam/Downloads/annotated-walk-assist.yolo26/train/images/02f9e396-839e-4800-a527-53a4b4d3c4b9_jpg.rf.kS8Azds5WHEN9vpHHcsH.jpg,1,1,0,kept
train,/Users/balasubramanianvaidyalingam/Downloads/annotated-walk-assist.yolo26/train/labels/03a8b64d-b7ba-41b6-9cbf-1944c5b01ece_jpg.rf.jyHWNTxS99597oGLPUZc.txt,/Users/balasubramanianvaidyalingam/Downloads/annotated-walk-assist.yolo26/train/images/03a8b64d-b7ba-41b6-9cbf-1944c5b01ece_jpg.rf.jyHWNTxS99597oGLPUZc.jpg,14,0,0,kept
train,/Users/balasubramanianvaidyalingam/Downloads/annotated-walk-assist.yolo26/train/labels/0914f69f-2880-44be-bc53-1c01a6182ea5_jpg.rf.WzDK9BiJNriXLhnihe41.txt,/Users/balasubramanianvaidyalingam/Downloads/annotated-walk-assist.yolo26/train/images/0914f69f-2880-44be-bc53-1c01a6182ea5_jpg.rf.WzDK9BiJNriXLhnihe41.jpg,0,1,0,kept
train,/Users/balasubramanianvaidyalingam/Downloads/annotated-walk-assist.yolo26/train/labels/0a6e3b40-a2ce-4708-af60-dd3f73ab1791_jpg.rf.SVCLBMhmoJZfYGY7Bwma.txt,/Users/balasubramanianvaidyalingam/Downloads/annotated-walk-assist.yolo26/train/images/0a6e3b40-a2ce-4708-af60-dd3f73ab1791_jpg.rf.SVCLBMhmoJZfYGY7Bwma.jpg,5,1,0,kept
train,/Users/balasubramanianvaidyalingam/Downloads/annotated-walk-assist.yolo26/train/labels/0ac65977-d35b-47b9-8913-e77ea764bd87_jpg.rf.bXXImDZloUtrAugUUoev.txt,/Users/balasubramanianvaidyalingam/Downloads/annotated-walk-assist.yolo26/train/images/0ac65977-d35b-47b9-8913-e77ea764bd87_jpg.rf.bXXImDZloUtrAugUUoev.jpg,0,1,0,kept
train,/Users/balasubramanianvaidyalingam/Downloads/annotated-walk-assist.yolo26/train/labels/0c1ca676-6bf0-45ed-a324-def04710a495_jpg.rf.vKFWmu139VNbjJ9bFtXU.txt,/Users/balasubramanianvaidyalingam/Downloads/annotated-walk-assist.yolo26/train/images/0c1ca676-6bf0-45ed-a324-def04710a495_jpg.rf.vKFWmu139VNbjJ9bFtXU.jpg,0,1,0,kept
train,/Users/balasubramanianvaidyalingam/Downloads/annotated-walk-assist.yolo26/train/labels/0d340542-7a63-486e-a641-6353bf3a441e_jpg.rf.cbh5mDAgQuljn1hwkxDO.txt,/Users/balasubramanianvaidyalingam/Downloads/annotated-walk-assist.yolo26/train/images/0d340542-7a63-486e-a641-6353bf3a441e_jpg.rf.cbh5mDAgQuljn1hwkxDO.jpg,2,0,0,kept
train,/Users/balasubramanianvaidyalingam/Downloads/annotated-walk-assist.yolo26/train/labels/0dcfd7de-1b4c-42f4-8644-2e95a3dcd4a4_jpg.rf.dJobmnZmBq1udR06jU6O.txt,/Users/balasubramanianvaidyalingam/Downloads/annotated-walk-assist.yolo26/train/images/0dcfd7de-1b4c-42f4-8644-2e95a3dcd4a4_jpg.rf.dJobmnZmBq1udR06jU6O.jpg,2,0,0,kept
train,/Users/balasubramanianvaidyalingam/Downloads/annotated-walk-assist.yolo26/train/labels/0eafcc69-fc00-4449-b4f3-1d272188e25b_jpg.rf.CSp3L77v6Gru8GMA8mYs.txt,/Users/balasubramanianvaidyalingam/Downloads/annotated-walk-assist.yolo26/train/images/0eafcc69-fc00-4449-b4f3-1d272188e25b_jpg.rf.CSp3L77v6Gru8GMA8mYs.jpg,0,1,0,kept
train,/Users/balasubramanianvaidyalingam/Downloads/annotated-walk-assist.yolo26/train/labels/0ec97411-a542-4ab5-af25-cbd962b0e933_jpg.rf.pQ7D901Kwo9QMXRSD0c2.txt,/Users/balasubramanianvaidyalingam/Downloads/annotated-walk-assist.yolo26/train/images/0ec97411-a542-4ab5-af25-cbd962b0e933_jpg.rf.pQ7D901Kwo9QMXRSD0c2.jpg,0,0,0,kept_empty_label
train,/Users/balasubramanianvaidyalingam/Downloads/annotated-walk-assist.yolo26/train/labels/0fbe72d6-a6cc-48f5-b3cf-a2e929879131_jpg.rf.g1L7Jn9lu6sW561ttKxI.txt,/Users/balasubramanianvaidyalingam/Downloads/annotated-walk-assist.yolo26/train/images/0fbe72d6-a6cc-48f5-b3cf-a2e929879131_jpg.rf.g1L7Jn9lu6sW561ttKxI.jpg,0,1,0,kept
train,/Users/balasubramanianvaidyalingam/Downloads/annotated-walk-assist.yolo26/train/labels/109c2eca-7389-419e-974a-7214134e22a8_jpg.rf.WqnS5F0zvEjTqIpI1ur3.txt,/Users/balasubramanianvaidyalingam/Downloads/annotated-walk-assist.yolo26/train/images/109c2eca-7389-419e-974a-7214134e22a8_jpg.rf.WqnS5F0zvEjTqIpI1ur3.jpg,5,0,0,kept
train,/Users/balasubramanianvaidyalingam/Downloads/annotated-walk-assist.yolo26/train/labels/126c43a2-6340-441e-acf7-2c59850bedc1_jpg.rf.UA6CQfYpPL5aVtb0Lgdb.txt,/Users/balasubramanianvaidyalingam/Downloads/annotated-walk-assist.yolo26/train/images/126c43a2-6340-441e-acf7-2c59850bedc1_jpg.rf.UA6CQfYpPL5aVtb0Lgdb.jpg,0,1,0,kept
train,/Users/balasubramanianvaidyalingam/Downloads/annotated-walk-assist.yolo26/train/labels/134ac200-d86c-49bb-942f-9177d45098ff_jpg.rf.fSY6BRbYF7kVdqo1HNkO.txt,/Users/balasubramanianvaidyalingam/Downloads/annotated-walk-assist.yolo26/train/images/134ac200-d86c-49bb-942f-9177d45098ff_jpg.rf.fSY6BRbYF7kVdqo1HNkO.jpg,0,1,0,kept
train,/Users/balasubramanianvaidyalingam/Downloads/annotated-walk-assist.yolo26/train/labels/1432dc32-58d2-44dd-b247-58c6ca16e694_jpg.rf.x1WDRkmNh9J0xGaa6rCY.txt,/Users/balasubramanianvaidyalingam/Downloads/annotated-walk-assist.yolo26/train/images/1432dc32-58d2-44dd-b247-58c6ca16e694_jpg.rf.x1WDRkmNh9J0xGaa6rCY.jpg,0,1,0,kept
train,/Users/balasubramanianvaidyalingam/Downloads/annotated-walk-assist.yolo26/train/labels/15c0828d-6786-43f5-998b-f2377eca1278_jpg.rf.nHitQj3ME9xE8yRGxaGF.txt,/Users/balasubramanianvaidyalingam/Downloads/annotated-walk-assist.yolo26/train/images/15c0828d-6786-43f5-998b-f2377eca1278_jpg.rf.nHitQj3ME9xE8yRGxaGF.jpg,0,1,0,kept
train,/Users/balasubramanianvaidyalingam/Downloads/annotated-walk-assist.yolo26/train/labels/1749fa66-1f5b-4f4f-93e5-3d9c01344710_jpg.rf.r3w6VU5hKqmQt1Txesfs.txt,/Users/balasubramanianvaidyalingam/Downloads/annotated-walk-assist.yolo26/train/images/1749fa66-1f5b-4f4f-93e5-3d9c01344710_jpg.rf.r3w6VU5hKqmQt1Txesfs.jpg,0,1,0,kept
train,/Users/balasubramanianvaidyalingam/Downloads/annotated-walk-assist.yolo26/train/labels/17f221be-91e3-4452-bd83-0bd6147359c1_jpg.rf.qczvER5LcJQnyJBaorcF.txt,/Users/balasubramanianvaidyalingam/Downloads/annotated-walk-assist.yolo26/train/images/17f221be-91e3-4452-bd83-0bd6147359c1_jpg.rf.qczvER5LcJQnyJBaorcF.jpg,0,2,0,kept
train,/Users/balasubramanianvaidyalingam/Downloads/annotated-walk-assist.yolo26/train/labels/19568eec-2758-459a-a02d-0e099cde30d3_jpg.rf.h6ecZt41ZWB8OflTvzW0.txt,/Users/balasubramanianvaidyalingam/Downloads/annotated-walk-assist.yolo26/train/images/19568eec-2758-459a-a02d-0e099cde30d3_jpg.rf.h6ecZt41ZWB8OflTvzW0.jpg,5,0,0,kept
train,/Users/balasubramanianvaidyalingam/Downloads/annotated-walk-assist.yolo26/train/labels/1a51d674-9d0e-42e5-8c49-de64c9825ac7_jpg.rf.s0mEUc4VNKYl1dyd20Gg.txt,/Users/balasubramanianvaidyalingam/Downloads/annotated-walk-assist.yolo26/train/images/1a51d674-9d0e-42e5-8c49-de64c9825ac7_jpg.rf.s0mEUc4VNKYl1dyd20Gg.jpg,0,1,0,kept
train,/Users/balasubramanianvaidyalingam/Downloads/annotated-walk-assist.yolo26/train/labels/1e54d2c4-c8d4-45c6-9f95-ba7f0a8218d1_jpg.rf.WhQie0bJe9KayCCmCtRM.txt,/Users/balasubramanianvaidyalingam/Downloads/annotated-walk-assist.yolo26/train/images/1e54d2c4-c8d4-45c6-9f95-ba7f0a8218d1_jpg.rf.WhQie0bJe9KayCCmCtRM.jpg,8,0,0,kept
train,/Users/balasubramanianvaidyalingam/Downloads/annotated-walk-assist.yolo26/train/labels/21922890-ea07-4ea8-aeba-dee39dd383d3_jpg.rf.CTPUNpeIBdt9G8Re9GwQ.txt,/Users/balasubramanianvaidyalingam/Downloads/annotated-walk-assist.yolo26/train/images/21922890-ea07-4ea8-aeba-dee39dd383d3_jpg.rf.CTPUNpeIBdt9G8Re9GwQ.jpg,0,1,0,kept
train,/Users/balasubramanianvaidyalingam/Downloads/annotated-walk-assist.yolo26/train/labels/222d7eb7-1b45-45e9-86e2-57038a033cc8_jpg.rf.pWDDaEzMS8wt1LeMlhy3.txt,/Users/balasubramanianvaidyalingam/Downloads/annotated-walk-assist.yolo26/train/images/222d7eb7-1b45-45e9-86e2-57038a033cc8_jpg.rf.pWDDaEzMS8wt1LeMlhy3.jpg,0,1,0,kept
train,/Users/balasubramanianvaidyalingam/Downloads/annotated-walk-assist.yolo26/train/labels/2589d446-63a9-4b8e-86de-3ded7c774852_jpg.rf.nsPihm2EAtuYui77x96P.txt,/Users/balasubramanianvaidyalingam/Downloads/annotated-walk-assist.yolo26/train/images/2589d446-63a9-4b8e-86de-3ded7c774852_jpg.rf.nsPihm2EAtuYui77x96P.jpg,0,1,0,kept
train,/Users/balasubramanianvaidyalingam/Downloads/annotated-walk-assist.yolo26/train/labels/26df5259-5c5c-4c9e-ae07-2af47b6c24ca_jpg.rf.DYD9nKlgEicDx9l0XfaI.txt,/Users/balasubramanianvaidyalingam/Downloads/annotated-walk-assist.yolo26/train/images/26df5259-5c5c-4c9e-ae07-2af47b6c24ca_jpg.rf.DYD9nKlgEicDx9l0XfaI.jpg,0,1,0,kept
train,/Users/balasubramanianvaidyalingam/Downloads/annotated-walk-assist.yolo26/train/labels/27908518-7343-4629-beeb-8c416487b16d_jpg.rf.slAqKzzXO8BwfUTmhdTH.txt,/Users/balasubramanianvaidyalingam/Downloads/annotated-walk-assist.yolo26/train/images/27908518-7343-4629-beeb-8c416487b16d_jpg.rf.slAqKzzXO8BwfUTmhdTH.jpg,11,0,0,kept
train,/Users/balasubramanianvaidyalingam/Downloads/annotated-walk-assist.yolo26/train/labels/29faacaf-7cad-46fe-a25b-e23168b3ea15_jpg.rf.cXqY31cPEABglvkovjt2.txt,/Users/balasubramanianvaidyalingam/Downloads/annotated-walk-assist.yolo26/train/images/29faacaf-7cad-46fe-a25b-e23168b3ea15_jpg.rf.cXqY31cPEABglvkovjt2.jpg,2,2,0,kept
train,/Users/balasubramanianvaidyalingam/Downloads/annotated-walk-assist.yolo26/train/labels/2bf211a3-43e5-47f8-ac6d-01241ae9cb49_jpg.rf.dt9lApY96xdrd7thruuP.txt,/Users/balasubramanianvaidyalingam/Downloads/annotated-walk-assist.yolo26/train/images/2bf211a3-43e5-47f8-ac6d-01241ae9cb49_jpg.rf.dt9lApY96xdrd7thruuP.jpg,12,1,0,kept
train,/Users/balasubramanianvaidyalingam/Downloads/annotated-walk-assist.yolo26/train/labels/2c5804d3-2093-4569-b98a-fbe56c1f7879_jpg.rf.xfziIAxlS5HS9FvH3kL8.txt,/Users/balasubramanianvaidyalingam/Downloads/annotated-walk-assist.yolo26/train/images/2c5804d3-2093-4569-b98a-fbe56c1f7879_jpg.rf.xfziIAxlS5HS9FvH3kL8.jpg,0,1,0,kept
train,/Users/balasubramanianvaidyalingam/Downloads/annotated-walk-assist.yolo26/train/labels/2f0fff49-15ff-4796-8e53-cdf44726d1cc_jpg.rf.X1F2yJkNZHTwCe2Pf9qZ.txt,/Users/balasubramanianvaidyalingam/Downloads/annotated-walk-assist.yolo26/train/images/2f0fff49-15ff-4796-8e53-cdf44726d1cc_jpg.rf.X1F2yJkNZHTwCe2Pf9qZ.jpg,8,1,0,kept
train,/Users/balasubramanianvaidyalingam/Downloads/annotated-walk-assist.yolo26/train/labels/3265578d-f17e-48f2-adb5-0d55cfb97294_jpg.rf.kCnlxDIwPsL8uhQgZDdm.txt,/Users/balasubramanianvaidyalingam/Downloads/annotated-walk-assist.yolo26/train/images/3265578d-f17e-48f2-adb5-0d55cfb97294_jpg.rf.kCnlxDIwPsL8uhQgZDdm.jpg,7,1,0,kept
train,/Users/balasubramanianvaidyalingam/Downloads/annotated-walk-assist.yolo26/train/labels/3267beae-60c4-45e5-a149-ddc8b75c8d96_jpg.rf.qQmUxTSHv8B9HUCZLi84.txt,/Users/balasubramanianvaidyalingam/Downloads/annotated-walk-assist.yolo26/train/images/3267beae-60c4-45e5-a149-ddc8b75c8d96_jpg.rf.qQmUxTSHv8B9HUCZLi84.jpg,0,3,0,kept
train,/Users/balasubramanianvaidyalingam/Downloads/annotated-walk-assist.yolo26/train/labels/32cb41ca-0b71-43f0-969e-9275fbf39084_jpg.rf.HkMXiym62JkjXyKxZqzt.txt,/Users/balasubramanianvaidyalingam/Downloads/annotated-walk-assist.yolo26/train/images/32cb41ca-0b71-43f0-969e-9275fbf39084_jpg.rf.HkMXiym62JkjXyKxZqzt.jpg,0,0,0,kept_empty_label
train,/Users/balasubramanianvaidyalingam/Downloads/annotated-walk-assist.yolo26/train/labels/34cd2a60-5c92-4abc-8238-006eb0bfde1b_jpg.rf.pufTowphkfucFTwoCrgf.txt,/Users/balasubramanianvaidyalingam/Downloads/annotated-walk-assist.yolo26/train/images/34cd2a60-5c92-4abc-8238-006eb0bfde1b_jpg.rf.pufTowphkfucFTwoCrgf.jpg,0,2,0,kept
train,/Users/balasubramanianvaidyalingam/Downloads/annotated-walk-assist.yolo26/train/labels/35359c91-0e2b-44c7-94bc-e3d32b6d4ed7_jpg.rf.yozvO26ngD6n74riDz13.txt,/Users/balasubramanianvaidyalingam/Downloads/annotated-walk-assist.yolo26/train/images/35359c91-0e2b-44c7-94bc-e3d32b6d4ed7_jpg.rf.yozvO26ngD6n74riDz13.jpg,0,1,0,kept
train,/Users/balasubramanianvaidyalingam/Downloads/annotated-walk-assist.yolo26/train/labels/358a2c80-9ebf-493b-8f68-a639bde6fb9a_jpg.rf.O8o7iBRVC1fkWIzqmJGa.txt,/Users/balasubramanianvaidyalingam/Downloads/annotated-walk-assist.yolo26/train/images/358a2c80-9ebf-493b-8f68-a639bde6fb9a_jpg.rf.O8o7iBRVC1fkWIzqmJGa.jpg,0,1,0,kept
train,/Users/balasubramanianvaidyalingam/Downloads/annotated-walk-assist.yolo26/train/labels/39acb0f9-0f5f-426d-871c-6e5a985b1bce_jpg.rf.jD1SlkpIyYymMS3XTdIt.txt,/Users/balasubramanianvaidyalingam/Downloads/annotated-walk-assist.yolo26/train/images/39acb0f9-0f5f-426d-871c-6e5a985b1bce_jpg.rf.jD1SlkpIyYymMS3XTdIt.jpg,4,0,0,kept
train,/Users/balasubramanianvaidyalingam/Downloads/annotated-walk-assist.yolo26/train/labels/39b78832-4da5-4680-965c-38c5b30b630c_jpg.rf.FAkTaA0ockAOJSJeaqP5.txt,/Users/balasubramanianvaidyalingam/Downloads/annotated-walk-assist.yolo26/train/images/39b78832-4da5-4680-965c-38c5b30b630c_jpg.rf.FAkTaA0ockAOJSJeaqP5.jpg,1,0,0,kept
train,/Users/balasubramanianvaidyalingam/Downloads/annotated-walk-assist.yolo26/train/labels/3a0cfc47-a394-416c-9583-62f9d018efd5_jpg.rf.xMnqdXMQnq31FGjcoICb.txt,/Users/balasubramanianvaidyalingam/Downloads/annotated-walk-assist.yolo26/train/images/3a0cfc47-a394-416c-9583-62f9d018efd5_jpg.rf.xMnqdXMQnq31FGjcoICb.jpg,0,1,0,kept
train,/Users/balasubramanianvaidyalingam/Downloads/annotated-walk-assist.yolo26/train/labels/3a83aac4-d449-4942-b5f1-3649653d60c2_jpg.rf.zPqMOG12f3YWfrdD23V0.txt,/Users/balasubramanianvaidyalingam/Downloads/annotated-walk-assist.yolo26/train/images/3a83aac4-d449-4942-b5f1-3649653d60c2_jpg.rf.zPqMOG12f3YWfrdD23V0.jpg,0,0,0,kept_empty_label
train,/Users/balasubramanianvaidyalingam/Downloads/annotated-walk-assist.yolo26/train/labels/3bca8794-369e-4985-8c7b-aba3c5be10ec_jpg.rf.ioICfzOjpLtLi8O0v8ZA.txt,/Users/balasubramanianvaidyalingam/Downloads/annotated-walk-assist.yolo26/train/images/3bca8794-369e-4985-8c7b-aba3c5be10ec_jpg.rf.ioICfzOjpLtLi8O0v8ZA.jpg,0,1,0,kept
train,/Users/balasubramanianvaidyalingam/Downloads/annotated-walk-assist.yolo26/train/labels/3ea2e9a7-0ea9-4ef0-ac94-d001561ef63d_jpg.rf.g5rbzsY2pGx8bgyZbqrH.txt,/Users/balasubramanianvaidyalingam/Downloads/annotated-walk-assist.yolo26/train/images/3ea2e9a7-0ea9-4ef0-ac94-d001561ef63d_jpg.rf.g5rbzsY2pGx8bgyZbqrH.jpg,0,1,0,kept
train,/Users/balasubramanianvaidyalingam/Downloads/annotated-walk-assist.yolo26/train/labels/4006397d-deac-4078-bc40-4b22a35b7e8b_jpg.rf.beHrIsO4C7JdPvX2rs7k.txt,/Users/balasubramanianvaidyalingam/Downloads/annotated-walk-assist.yolo26/train/images/4006397d-deac-4078-bc40-4b22a35b7e8b_jpg.rf.beHrIsO4C7JdPvX2rs7k.jpg,4,1,0,kept
train,/Users/balasubramanianvaidyalingam/Downloads/annotated-walk-assist.yolo26/train/labels/40361dec-b642-4c30-a346-cf2d7f3197eb_jpg.rf.pkdnQiywNrekoSrd7WQX.txt,/Users/balasubramanianvaidyalingam/Downloads/annotated-walk-assist.yolo26/train/images/40361dec-b642-4c30-a346-cf2d7f3197eb_jpg.rf.pkdnQiywNrekoSrd7WQX.jpg,0,1,0,kept
train,/Users/balasubramanianvaidyalingam/Downloads/annotated-walk-assist.yolo26/train/labels/40a0580a-47d8-4f3f-a8cc-50da1f45db62_jpg.rf.XovZW1da9z1t6vhpHJ8m.txt,/Users/balasubramanianvaidyalingam/Downloads/annotated-walk-assist.yolo26/train/images/40a0580a-47d8-4f3f-a8cc-50da1f45db62_jpg.rf.XovZW1da9z1t6vhpHJ8m.jpg,2,1,0,kept
train,/Users/balasubramanianvaidyalingam/Downloads/annotated-walk-assist.yolo26/train/labels/43a84e7a-1b45-4fad-8302-6e911532a56e_jpg.rf.GnZ1II4mrr6hGublo4ya.txt,/Users/balasubramanianvaidyalingam/Downloads/annotated-walk-assist.yolo26/train/images/43a84e7a-1b45-4fad-8302-6e911532a56e_jpg.rf.GnZ1II4mrr6hGublo4ya.jpg,5,0,0,kept
train,/Users/balasubramanianvaidyalingam/Downloads/annotated-walk-assist.yolo26/train/labels/44de7d60-d4d7-4df3-aeac-c51ce40f5536_jpg.rf.xddnVwACIgQXHteEkuCH.txt,/Users/balasubramanianvaidyalingam/Downloads/annotated-walk-assist.yolo26/train/images/44de7d60-d4d7-4df3-aeac-c51ce40f5536_jpg.rf.xddnVwACIgQXHteEkuCH.jpg,0,1,0,kept
train,/Users/balasubramanianvaidyalingam/Downloads/annotated-walk-assist.yolo26/train/labels/48835a1f-b411-4f5a-9631-4432601d3be9_jpg.rf.lI8XXSDlpVd2JDGA26CV.txt,/Users/balasubramanianvaidyalingam/Downloads/annotated-walk-assist.yolo26/train/images/48835a1f-b411-4f5a-9631-4432601d3be9_jpg.rf.lI8XXSDlpVd2JDGA26CV.jpg,15,0,0,kept
train,/Users/balasubramanianvaidyalingam/Downloads/annotated-walk-assist.yolo26/train/labels/4cece01b-dec8-46c6-b1ff-d74f2e1b2741_jpg.rf.jupVXkTsJPGVmle7yzDR.txt,/Users/balasubramanianvaidyalingam/Downloads/annotated-walk-assist.yolo26/train/images/4cece01b-dec8-46c6-b1ff-d74f2e1b2741_jpg.rf.jupVXkTsJPGVmle7yzDR.jpg,2,1,0,kept
train,/Users/balasubramanianvaidyalingam/Downloads/annotated-walk-assist.yolo26/train/labels/4ffdb808-5cca-4072-882c-058737aee910_jpg.rf.Ot74nCCqyiAqa9xDjwhF.txt,/Users/balasubramanianvaidyalingam/Downloads/annotated-walk-assist.yolo26/train/images/4ffdb808-5cca-4072-882c-058737aee910_jpg.rf.Ot74nCCqyiAqa9xDjwhF.jpg,4,0,0,kept
train,/Users/balasubramanianvaidyalingam/Downloads/annotated-walk-assist.yolo26/train/labels/516a8bc2-6c52-441f-82a6-b3824315ae55_jpg.rf.KZNuhUfHgSV3olxy6X93.txt,/Users/balasubramanianvaidyalingam/Downloads/annotated-walk-assist.yolo26/train/images/516a8bc2-6c52-441f-82a6-b3824315ae55_jpg.rf.KZNuhUfHgSV3olxy6X93.jpg,0,0,0,kept_empty_label
train,/Users/balasubramanianvaidyalingam/Downloads/annotated-walk-assist.yolo26/train/labels/5274661f-fd7d-4887-a6af-f5bfe1fe175c_jpg.rf.P8wtzHqwg438pppLoS7l.txt,/Users/balasubramanianvaidyalingam/Downloads/annotated-walk-assist.yolo26/train/images/5274661f-fd7d-4887-a6af-f5bfe1fe175c_jpg.rf.P8wtzHqwg438pppLoS7l.jpg,1,1,0,kept
train,/Users/balasubramanianvaidyalingam/Downloads/annotated-walk-assist.yolo26/train/labels/568786b0-64d5-4948-a148-9389814352b7_jpg.rf.oBgcpmQdd5VO4AvChhqJ.txt,/Users/balasubramanianvaidyalingam/Downloads/annotated-walk-assist.yolo26/train/images/568786b0-64d5-4948-a148-9389814352b7_jpg.rf.oBgcpmQdd5VO4AvChhqJ.jpg,0,3,0,kept
train,/Users/balasubramanianvaidyalingam/Downloads/annotated-walk-assist.yolo26/train/labels/5715bbf3-2b73-491e-a0db-0d34609a91b5_jpg.rf.SuRGE2S7tJAhZCFc2XsW.txt,/Users/balasubramanianvaidyalingam/Downloads/annotated-walk-assist.yolo26/train/images/5715bbf3-2b73-491e-a0db-0d34609a91b5_jpg.rf.SuRGE2S7tJAhZCFc2XsW.jpg,4,0,0,kept
train,/Users/balasubramanianvaidyalingam/Downloads/annotated-walk-assist.yolo26/train/labels/575d3a44-4c4c-4eb2-bfbd-d48f2e4cb611_jpg.rf.Mea8WVHaY0pQqZeyjZAq.txt,/Users/balasubramanianvaidyalingam/Downloads/annotated-walk-assist.yolo26/train/images/575d3a44-4c4c-4eb2-bfbd-d48f2e4cb611_jpg.rf.Mea8WVHaY0pQqZeyjZAq.jpg,0,2,0,kept
train,/Users/balasubramanianvaidyalingam/Downloads/annotated-walk-assist.yolo26/train/labels/578ccdd6-0dde-40cc-8fd3-e0b7f24440ee_jpg.rf.sWmhmuTat8xj0k3vHy7g.txt,/Users/balasubramanianvaidyalingam/Downloads/annotated-walk-assist.yolo26/train/images/578ccdd6-0dde-40cc-8fd3-e0b7f24440ee_jpg.rf.sWmhmuTat8xj0k3vHy7g.jpg,0,0,0,kept_empty_label
train,/Users/balasubramanianvaidyalingam/Downloads/annotated-walk-assist.yolo26/train/labels/5b50eeba-79e8-4393-9595-ead994141a11_jpg.rf.mPVfMuVLDbXXL0sc6noE.txt,/Users/balasubramanianvaidyalingam/Downloads/annotated-walk-assist.yolo26/train/images/5b50eeba-79e8-4393-9595-ead994141a11_jpg.rf.mPVfMuVLDbXXL0sc6noE.jpg,0,0,0,kept_empty_label
train,/Users/balasubramanianvaidyalingam/Downloads/annotated-walk-assist.yolo26/train/labels/5c70e5c4-8161-4538-ae93-0d6c7eac6d53_jpg.rf.L2Q2uAcdnm9fOyxfNcvT.txt,/Users/balasubramanianvaidyalingam/Downloads/annotated-walk-assist.yolo26/train/images/5c70e5c4-8161-4538-ae93-0d6c7eac6d53_jpg.rf.L2Q2uAcdnm9fOyxfNcvT.jpg,0,0,0,kept_empty_label
train,/Users/balasubramanianvaidyalingam/Downloads/annotated-walk-assist.yolo26/train/labels/5d904cae-1910-44e0-bd77-12abe920c368_jpg.rf.uaPKtYhsYJLtyJnczbLv.txt,/Users/balasubramanianvaidyalingam/Downloads/annotated-walk-assist.yolo26/train/images/5d904cae-1910-44e0-bd77-12abe920c368_jpg.rf.uaPKtYhsYJLtyJnczbLv.jpg,0,1,0,kept
train,/Users/balasubramanianvaidyalingam/Downloads/annotated-walk-assist.yolo26/train/labels/5e72faff-b8b2-49f9-8768-42e6f626bfb4_jpg.rf.prH3gGIveX8EFoOKfJw4.txt,/Users/balasubramanianvaidyalingam/Downloads/annotated-walk-assist.yolo26/train/images/5e72faff-b8b2-49f9-8768-42e6f626bfb4_jpg.rf.prH3gGIveX8EFoOKfJw4.jpg,0,1,0,kept
train,/Users/balasubramanianvaidyalingam/Downloads/annotated-walk-assist.yolo26/train/labels/5f3e3504-213e-4a87-9f73-d6ff1dfa9f93_jpg.rf.P4Wt8EN8vv3mplx242aK.txt,/Users/balasubramanianvaidyalingam/Downloads/annotated-walk-assist.yolo26/train/images/5f3e3504-213e-4a87-9f73-d6ff1dfa9f93_jpg.rf.P4Wt8EN8vv3mplx242aK.jpg,7,0,0,kept
train,/Users/balasubramanianvaidyalingam/Downloads/annotated-walk-assist.yolo26/train/labels/5f6cefa4-2beb-4a58-9580-3f54c8646952_jpg.rf.Nev76uOLGHleIZnAVZJc.txt,/Users/balasubramanianvaidyalingam/Downloads/annotated-walk-assist.yolo26/train/images/5f6cefa4-2beb-4a58-9580-3f54c8646952_jpg.rf.Nev76uOLGHleIZnAVZJc.jpg,9,0,0,kept
train,/Users/balasubramanianvaidyalingam/Downloads/annotated-walk-assist.yolo26/train/labels/5fe7ee7f-6a71-40dd-aa9d-b79732c50d4e_jpg.rf.s5o2z2OOdYA9KIMWLj0A.txt,/Users/balasubramanianvaidyalingam/Downloads/annotated-walk-assist.yolo26/train/images/5fe7ee7f-6a71-40dd-aa9d-b79732c50d4e_jpg.rf.s5o2z2OOdYA9KIMWLj0A.jpg,0,0,0,kept_empty_label
train,/Users/balasubramanianvaidyalingam/Downloads/annotated-walk-assist.yolo26/train/labels/602f0cf1-570c-4e75-82e5-df42fd8a0e0b_jpg.rf.UjQDM0qBv8iJoXvVVfHp.txt,/Users/balasubramanianvaidyalingam/Downloads/annotated-walk-assist.yolo26/train/images/602f0cf1-570c-4e75-82e5-df42fd8a0e0b_jpg.rf.UjQDM0qBv8iJoXvVVfHp.jpg,3,0,0,kept
train,/Users/balasubramanianvaidyalingam/Downloads/annotated-walk-assist.yolo26/train/labels/61d16956-9179-430e-874b-5462ee185fab_jpg.rf.HSOuEDsxPhQS2exZpbOI.txt,/Users/balasubramanianvaidyalingam/Downloads/annotated-walk-assist.yolo26/train/images/61d16956-9179-430e-874b-5462ee185fab_jpg.rf.HSOuEDsxPhQS2exZpbOI.jpg,15,0,0,kept
train,/Users/balasubramanianvaidyalingam/Downloads/annotated-walk-assist.yolo26/train/labels/65504476-6f22-4056-97dc-e802b674b0c0_jpg.rf.hxynWjs4fZ8laQdqXjXu.txt,/Users/balasubramanianvaidyalingam/Downloads/annotated-walk-assist.yolo26/train/images/65504476-6f22-4056-97dc-e802b674b0c0_jpg.rf.hxynWjs4fZ8laQdqXjXu.jpg,0,1,0,kept
train,/Users/balasubramanianvaidyalingam/Downloads/annotated-walk-assist.yolo26/train/labels/660aa784-bcce-4b06-ac06-4645429731f6_jpg.rf.aWrd7eALiBuIAXWMah4Z.txt,/Users/balasubramanianvaidyalingam/Downloads/annotated-walk-assist.yolo26/train/images/660aa784-bcce-4b06-ac06-4645429731f6_jpg.rf.aWrd7eALiBuIAXWMah4Z.jpg,8,0,0,kept
train,/Users/balasubramanianvaidyalingam/Downloads/annotated-walk-assist.yolo26/train/labels/6737c5d4-47bb-42a6-9bed-9e9ed797e7af_jpg.rf.iZUcpXUY7CpO2agZikHr.txt,/Users/balasubramanianvaidyalingam/Downloads/annotated-walk-assist.yolo26/train/images/6737c5d4-47bb-42a6-9bed-9e9ed797e7af_jpg.rf.iZUcpXUY7CpO2agZikHr.jpg,4,0,0,kept
train,/Users/balasubramanianvaidyalingam/Downloads/annotated-walk-assist.yolo26/train/labels/679417dc-dc56-45d3-a26d-9aa84e756d3a_jpg.rf.RNk1BfxaOshU6l2DMzAz.txt,/Users/balasubramanianvaidyalingam/Downloads/annotated-walk-assist.yolo26/train/images/679417dc-dc56-45d3-a26d-9aa84e756d3a_jpg.rf.RNk1BfxaOshU6l2DMzAz.jpg,9,0,0,kept
train,/Users/balasubramanianvaidyalingam/Downloads/annotated-walk-assist.yolo26/train/labels/69293c94-5af8-46d0-891d-a1b9277b557e_jpg.rf.fxR0kodYg2v3IGvl0h6C.txt,/Users/balasubramanianvaidyalingam/Downloads/annotated-walk-assist.yolo26/train/images/69293c94-5af8-46d0-891d-a1b9277b557e_jpg.rf.fxR0kodYg2v3IGvl0h6C.jpg,4,0,0,kept
train,/Users/balasubramanianvaidyalingam/Downloads/annotated-walk-assist.yolo26/train/labels/69de8461-b1cd-4566-ba5a-8453ca0a9a36_jpg.rf.g26lRJKjGjIONkd6hin8.txt,/Users/balasubramanianvaidyalingam/Downloads/annotated-walk-assist.yolo26/train/images/69de8461-b1cd-4566-ba5a-8453ca0a9a36_jpg.rf.g26lRJKjGjIONkd6hin8.jpg,8,0,0,kept
train,/Users/balasubramanianvaidyalingam/Downloads/annotated-walk-assist.yolo26/train/labels/6e5a2bd4-87b1-42ab-8393-bfe6d8040ea4_jpg.rf.gF3L6cHGA2ynrZ0EYabx.txt,/Users/balasubramanianvaidyalingam/Downloads/annotated-walk-assist.yolo26/train/images/6e5a2bd4-87b1-42ab-8393-bfe6d8040ea4_jpg.rf.gF3L6cHGA2ynrZ0EYabx.jpg,14,0,0,kept
train,/Users/balasubramanianvaidyalingam/Downloads/annotated-walk-assist.yolo26/train/labels/71c4c616-d773-4d64-bd64-1b9f53b124ef_jpg.rf.F1MQmjFQ69GPWE7nCWf9.txt,/Users/balasubramanianvaidyalingam/Downloads/annotated-walk-assist.yolo26/train/images/71c4c616-d773-4d64-bd64-1b9f53b124ef_jpg.rf.F1MQmjFQ69GPWE7nCWf9.jpg,1,0,0,kept
train,/Users/balasubramanianvaidyalingam/Downloads/annotated-walk-assist.yolo26/train/labels/789c6539-211d-4efd-983a-f89d2f8a0283_jpg.rf.cFGUavJl4MtbiRU4E2GQ.txt,/Users/balasubramanianvaidyalingam/Downloads/annotated-walk-assist.yolo26/train/images/789c6539-211d-4efd-983a-f89d2f8a0283_jpg.rf.cFGUavJl4MtbiRU4E2GQ.jpg,9,1,0,kept
train,/Users/balasubramanianvaidyalingam/Downloads/annotated-walk-assist.yolo26/train/labels/790a4326-c8de-4fa5-a091-9330dc7538a4_jpg.rf.K7NoYdfjfHleFnENGdB6.txt,/Users/balasubramanianvaidyalingam/Downloads/annotated-walk-assist.yolo26/train/images/790a4326-c8de-4fa5-a091-9330dc7538a4_jpg.rf.K7NoYdfjfHleFnENGdB6.jpg,6,1,0,kept
train,/Users/balasubramanianvaidyalingam/Downloads/annotated-walk-assist.yolo26/train/labels/7ccce1f3-af2a-45ab-aeb0-86b654abbb29_jpg.rf.SEsuM7rSTdsvNJ9gQVcb.txt,/Users/balasubramanianvaidyalingam/Downloads/annotated-walk-assist.yolo26/train/images/7ccce1f3-af2a-45ab-aeb0-86b654abbb29_jpg.rf.SEsuM7rSTdsvNJ9gQVcb.jpg,5,0,0,kept
train,/Users/balasubramanianvaidyalingam/Downloads/annotated-walk-assist.yolo26/train/labels/7ddbfd8c-3a71-48f4-9e26-bc29d4168272_jpg.rf.hWtmsvSJLjVyMWKuR2Ki.txt,/Users/balasubramanianvaidyalingam/Downloads/annotated-walk-assist.yolo26/train/images/7ddbfd8c-3a71-48f4-9e26-bc29d4168272_jpg.rf.hWtmsvSJLjVyMWKuR2Ki.jpg,2,0,0,kept
train,/Users/balasubramanianvaidyalingam/Downloads/annotated-walk-assist.yolo26/train/labels/817f7eed-818b-4265-82ae-9c7aef3e5670_jpg.rf.IJ8Y1KmFnNxyw6kYn732.txt,/Users/balasubramanianvaidyalingam/Downloads/annotated-walk-assist.yolo26/train/images/817f7eed-818b-4265-82ae-9c7aef3e5670_jpg.rf.IJ8Y1KmFnNxyw6kYn732.jpg,10,0,0,kept
train,/Users/balasubramanianvaidyalingam/Downloads/annotated-walk-assist.yolo26/train/labels/81d2584c-4d4d-4f52-9051-a248face2ac0_jpg.rf.CovknPmsqPjQK0aGp3az.txt,/Users/balasubramanianvaidyalingam/Downloads/annotated-walk-assist.yolo26/train/images/81d2584c-4d4d-4f52-9051-a248face2ac0_jpg.rf.CovknPmsqPjQK0aGp3az.jpg,0,0,0,kept_empty_label
train,/Users/balasubramanianvaidyalingam/Downloads/annotated-walk-assist.yolo26/train/labels/827f96ad-fca4-47d4-ae9b-589c632240ac_jpg.rf.wFTwW5bPHcZekqt79tSK.txt,/Users/balasubramanianvaidyalingam/Downloads/annotated-walk-assist.yolo26/train/images/827f96ad-fca4-47d4-ae9b-589c632240ac_jpg.rf.wFTwW5bPHcZekqt79tSK.jpg,0,2,0,kept
train,/Users/balasubramanianvaidyalingam/Downloads/annotated-walk-assist.yolo26/train/labels/8288dd25-e430-4ba6-8d4a-6c1649445bb4_jpg.rf.cIR0cTV4H2dNpe1UrOde.txt,/Users/balasubramanianvaidyalingam/Downloads/annotated-walk-assist.yolo26/train/images/8288dd25-e430-4ba6-8d4a-6c1649445bb4_jpg.rf.cIR0cTV4H2dNpe1UrOde.jpg,6,0,0,kept
train,/Users/balasubramanianvaidyalingam/Downloads/annotated-walk-assist.yolo26/train/labels/84c0128d-84d3-41f3-9d68-51f9f8e9a043_jpg.rf.GDvt5cjMmpvDRmCjiHhn.txt,/Users/balasubramanianvaidyalingam/Downloads/annotated-walk-assist.yolo26/train/images/84c0128d-84d3-41f3-9d68-51f9f8e9a043_jpg.rf.GDvt5cjMmpvDRmCjiHhn.jpg,7,1,0,kept
train,/Users/balasubramanianvaidyalingam/Downloads/annotated-walk-assist.yolo26/train/labels/85ae6bb9-f0fe-4ee6-b9ee-f5a3e754a67b_jpg.rf.lPsiPNg9SCjS1HsDMmVY.txt,/Users/balasubramanianvaidyalingam/Downloads/annotated-walk-assist.yolo26/train/images/85ae6bb9-f0fe-4ee6-b9ee-f5a3e754a67b_jpg.rf.lPsiPNg9SCjS1HsDMmVY.jpg,6,1,0,kept
train,/Users/balasubramanianvaidyalingam/Downloads/annotated-walk-assist.yolo26/train/labels/8674f141-df56-4ce6-95d6-ee3a508e3141_jpg.rf.R0GpnNvrVKQDIWXyAQ7H.txt,/Users/balasubramanianvaidyalingam/Downloads/annotated-walk-assist.yolo26/train/images/8674f141-df56-4ce6-95d6-ee3a508e3141_jpg.rf.R0GpnNvrVKQDIWXyAQ7H.jpg,3,0,0,kept
train,/Users/balasubramanianvaidyalingam/Downloads/annotated-walk-assist.yolo26/train/labels/8820c910-1474-40f9-92a9-405815ad0a40_jpg.rf.mrPkulJzae3Pn99jmrA7.txt,/Users/balasubramanianvaidyalingam/Downloads/annotated-walk-assist.yolo26/train/images/8820c910-1474-40f9-92a9-405815ad0a40_jpg.rf.mrPkulJzae3Pn99jmrA7.jpg,0,0,0,kept_empty_label
train,/Users/balasubramanianvaidyalingam/Downloads/annotated-walk-assist.yolo26/train/labels/89432853-c4bc-4e84-9ed8-3bd5ffeaa5b7_jpg.rf.pP9ecR4jYbmZnNG2lHK4.txt,/Users/balasubramanianvaidyalingam/Downloads/annotated-walk-assist.yolo26/train/images/89432853-c4bc-4e84-9ed8-3bd5ffeaa5b7_jpg.rf.pP9ecR4jYbmZnNG2lHK4.jpg,0,0,0,kept_empty_label
train,/Users/balasubramanianvaidyalingam/Downloads/annotated-walk-assist.yolo26/train/labels/8c2c483d-e3a6-46ff-8d67-b001e4c8a302_jpg.rf.hoLcEp3R0FGjPXTPJk9W.txt,/Users/balasubramanianvaidyalingam/Downloads/annotated-walk-assist.yolo26/train/images/8c2c483d-e3a6-46ff-8d67-b001e4c8a302_jpg.rf.hoLcEp3R0FGjPXTPJk9W.jpg,0,1,0,kept
train,/Users/balasubramanianvaidyalingam/Downloads/annotated-walk-assist.yolo26/train/labels/8edffacd-0fad-47e2-88a2-faf9db4154ff_jpg.rf.G051z26Q29lDAZ39gYx8.txt,/Users/balasubramanianvaidyalingam/Downloads/annotated-walk-assist.yolo26/train/images/8edffacd-0fad-47e2-88a2-faf9db4154ff_jpg.rf.G051z26Q29lDAZ39gYx8.jpg,9,1,0,kept
train,/Users/balasubramanianvaidyalingam/Downloads/annotated-walk-assist.yolo26/train/labels/8fc6a882-1cc4-43a3-b44f-b891c61b8060_jpg.rf.jiyLzsfUHMyOCzg9RHuj.txt,/Users/balasubramanianvaidyalingam/Downloads/annotated-walk-assist.yolo26/train/images/8fc6a882-1cc4-43a3-b44f-b891c61b8060_jpg.rf.jiyLzsfUHMyOCzg9RHuj.jpg,0,1,0,kept
train,/Users/balasubramanianvaidyalingam/Downloads/annotated-walk-assist.yolo26/train/labels/9170af6a-daee-4e43-9638-87d0440d2d54_jpg.rf.bTA6eTSWQ0Ej4EqXxQxr.txt,/Users/balasubramanianvaidyalingam/Downloads/annotated-walk-assist.yolo26/train/images/9170af6a-daee-4e43-9638-87d0440d2d54_jpg.rf.bTA6eTSWQ0Ej4EqXxQxr.jpg,5,1,0,kept
train,/Users/balasubramanianvaidyalingam/Downloads/annotated-walk-assist.yolo26/train/labels/946b9623-df91-4d5b-8c60-bf095a1f6908_jpg.rf.QVFaDdBFod9g0ZgOg1xp.txt,/Users/balasubramanianvaidyalingam/Downloads/annotated-walk-assist.yolo26/train/images/946b9623-df91-4d5b-8c60-bf095a1f6908_jpg.rf.QVFaDdBFod9g0ZgOg1xp.jpg,3,0,0,kept
train,/Users/balasubramanianvaidyalingam/Downloads/annotated-walk-assist.yolo26/train/labels/94993021-4de0-4555-b613-a439c69d2ca2_jpg.rf.ytoKe9xVBTLfwAVYTtn2.txt,/Users/balasubramanianvaidyalingam/Downloads/annotated-walk-assist.yolo26/train/images/94993021-4de0-4555-b613-a439c69d2ca2_jpg.rf.ytoKe9xVBTLfwAVYTtn2.jpg,0,1,0,kept
train,/Users/balasubramanianvaidyalingam/Downloads/annotated-walk-assist.yolo26/train/labels/9a3253da-53bc-45e3-9048-fe640f1aaba8_jpg.rf.zAHeFkGzJgeqQp4Mu53k.txt,/Users/balasubramanianvaidyalingam/Downloads/annotated-walk-assist.yolo26/train/images/9a3253da-53bc-45e3-9048-fe640f1aaba8_jpg.rf.zAHeFkGzJgeqQp4Mu53k.jpg,0,0,0,kept_empty_label
train,/Users/balasubramanianvaidyalingam/Downloads/annotated-walk-assist.yolo26/train/labels/9dcc50a0-3e4f-4d49-9a2d-98cde36bd10e_jpg.rf.x89NM4wVzuF36FQnWhqW.txt,/Users/balasubramanianvaidyalingam/Downloads/annotated-walk-assist.yolo26/train/images/9dcc50a0-3e4f-4d49-9a2d-98cde36bd10e_jpg.rf.x89NM4wVzuF36FQnWhqW.jpg,0,0,0,kept_empty_label
train,/Users/balasubramanianvaidyalingam/Downloads/annotated-walk-assist.yolo26/train/labels/Screen Shot 2022-07-09 at 1-00-15 PM_png.rf.pFESSvr4b1IIjfkimlxg.txt,/Users/balasubramanianvaidyalingam/Downloads/annotated-walk-assist.yolo26/train/images/Screen Shot 2022-07-09 at 1-00-15 PM_png.rf.pFESSvr4b1IIjfkimlxg.png,0,1,0,kept
train,/Users/balasubramanianvaidyalingam/Downloads/annotated-walk-assist.yolo26/train/labels/Screen Shot 2022-07-09 at 1-00-40 PM_png.rf.q2uejxEEwPX0AbY5MYNR.txt,/Users/balasubramanianvaidyalingam/Downloads/annotated-walk-assist.yolo26/train/images/Screen Shot 2022-07-09 at 1-00-40 PM_png.rf.q2uejxEEwPX0AbY5MYNR.png,0,1,0,kept
train,/Users/balasubramanianvaidyalingam/Downloads/annotated-walk-assist.yolo26/train/labels/Screen Shot 2022-07-09 at 1-00-47 PM_png.rf.OX110rrJOJS1CZAfomo5.txt,/Users/balasubramanianvaidyalingam/Downloads/annotated-walk-assist.yolo26/train/images/Screen Shot 2022-07-09 at 1-00-47 PM_png.rf.OX110rrJOJS1CZAfomo5.png,8,1,0,kept
train,/Users/balasubramanianvaidyalingam/Downloads/annotated-walk-assist.yolo26/train/labels/Screen Shot 2022-07-09 at 1-01-40 PM_png.rf.x2ycfle2m2KR5tU65yOt.txt,/Users/balasubramanianvaidyalingam/Downloads/annotated-walk-assist.yolo26/train/images/Screen Shot 2022-07-09 at 1-01-40 PM_png.rf.x2ycfle2m2KR5tU65yOt.png,0,0,0,kept_empty_label
train,/Users/balasubramanianvaidyalingam/Downloads/annotated-walk-assist.yolo26/train/labels/Screen Shot 2022-07-09 at 12-57-38 PM_png.rf.vDxODr5zhadevnH4nttJ.txt,/Users/balasubramanianvaidyalingam/Downloads/annotated-walk-assist.yolo26/train/images/Screen Shot 2022-07-09 at 12-57-38 PM_png.rf.vDxODr5zhadevnH4nttJ.png,0,1,0,kept
train,/Users/balasubramanianvaidyalingam/Downloads/annotated-walk-assist.yolo26/train/labels/Screen Shot 2022-07-09 at 12-58-14 PM_png.rf.GbzAgL8YvIeo1dqZo1Ry.txt,/Users/balasubramanianvaidyalingam/Downloads/annotated-walk-assist.yolo26/train/images/Screen Shot 2022-07-09 at 12-58-14 PM_png.rf.GbzAgL8YvIeo1dqZo1Ry.png,5,0,0,kept
train,/Users/balasubramanianvaidyalingam/Downloads/annotated-walk-assist.yolo26/train/labels/Screen Shot 2022-07-09 at 12-58-40 PM_png.rf.eMAA3msCu7Q5KXilb5rU.txt,/Users/balasubramanianvaidyalingam/Downloads/annotated-walk-assist.yolo26/train/images/Screen Shot 2022-07-09 at 12-58-40 PM_png.rf.eMAA3msCu7Q5KXilb5rU.png,1,1,0,kept
train,/Users/balasubramanianvaidyalingam/Downloads/annotated-walk-assist.yolo26/train/labels/Screen Shot 2022-07-09 at 12-59-53 PM_png.rf.FluJp7Y4bffWadkQfHcR.txt,/Users/balasubramanianvaidyalingam/Downloads/annotated-walk-assist.yolo26/train/images/Screen Shot 2022-07-09 at 12-59-53 PM_png.rf.FluJp7Y4bffWadkQfHcR.png,3,0,0,kept
train,/Users/balasubramanianvaidyalingam/Downloads/annotated-walk-assist.yolo26/train/labels/a08f8a63-6d55-484f-9c64-cc3b37357d3b_jpg.rf.xH4IfL9o5vDFT3GkyEga.txt,/Users/balasubramanianvaidyalingam/Downloads/annotated-walk-assist.yolo26/train/images/a08f8a63-6d55-484f-9c64-cc3b37357d3b_jpg.rf.xH4IfL9o5vDFT3GkyEga.jpg,0,0,0,kept_empty_label
train,/Users/balasubramanianvaidyalingam/Downloads/annotated-walk-assist.yolo26/train/labels/a186950f-b8d9-44cf-88e3-dd9bd57bf8ba_jpg.rf.bN387xdESVNQNk8nPZ7q.txt,/Users/balasubramanianvaidyalingam/Downloads/annotated-walk-assist.yolo26/train/images/a186950f-b8d9-44cf-88e3-dd9bd57bf8ba_jpg.rf.bN387xdESVNQNk8nPZ7q.jpg,11,1,0,kept
train,/Users/balasubramanianvaidyalingam/Downloads/annotated-walk-assist.yolo26/train/labels/a3960124-afe4-4285-8a24-b5dc76e6f868_jpg.rf.VMD9R6X0i6hcZekiSDdR.txt,/Users/balasubramanianvaidyalingam/Downloads/annotated-walk-assist.yolo26/train/images/a3960124-afe4-4285-8a24-b5dc76e6f868_jpg.rf.VMD9R6X0i6hcZekiSDdR.jpg,0,0,0,kept_empty_label
train,/Users/balasubramanianvaidyalingam/Downloads/annotated-walk-assist.yolo26/train/labels/a439505e-3b09-400d-84f0-924bb6d366e6_jpg.rf.rIR9w4LZqGXR1VIZYYAP.txt,/Users/balasubramanianvaidyalingam/Downloads/annotated-walk-assist.yolo26/train/images/a439505e-3b09-400d-84f0-924bb6d366e6_jpg.rf.rIR9w4LZqGXR1VIZYYAP.jpg,0,2,0,kept
train,/Users/balasubramanianvaidyalingam/Downloads/annotated-walk-assist.yolo26/train/labels/a4a754c4-b585-46ce-8a2d-302c65cb044a_jpg.rf.nHTAaojRquzTsy0WRf9k.txt,/Users/balasubramanianvaidyalingam/Downloads/annotated-walk-assist.yolo26/train/images/a4a754c4-b585-46ce-8a2d-302c65cb044a_jpg.rf.nHTAaojRquzTsy0WRf9k.jpg,0,1,0,kept
train,/Users/balasubramanianvaidyalingam/Downloads/annotated-walk-assist.yolo26/train/labels/a5b27d87-7451-4b55-bd38-5c705c8fca10_jpg.rf.nJTxKoXjXsE9Wdv738Um.txt,/Users/balasubramanianvaidyalingam/Downloads/annotated-walk-assist.yolo26/train/images/a5b27d87-7451-4b55-bd38-5c705c8fca10_jpg.rf.nJTxKoXjXsE9Wdv738Um.jpg,0,1,0,kept
train,/Users/balasubramanianvaidyalingam/Downloads/annotated-walk-assist.yolo26/train/labels/a64b84f9-8b71-4bc4-b2b7-ab059acc7ec9_jpg.rf.MKJvGptGzNwoApXVyQAI.txt,/Users/balasubramanianvaidyalingam/Downloads/annotated-walk-assist.yolo26/train/images/a64b84f9-8b71-4bc4-b2b7-ab059acc7ec9_jpg.rf.MKJvGptGzNwoApXVyQAI.jpg,8,1,0,kept
train,/Users/balasubramanianvaidyalingam/Downloads/annotated-walk-assist.yolo26/train/labels/a9964076-523f-46c8-ba51-02fe74365af9_jpg.rf.whEuzFhgobCD8gUE8UdF.txt,/Users/balasubramanianvaidyalingam/Downloads/annotated-walk-assist.yolo26/train/images/a9964076-523f-46c8-ba51-02fe74365af9_jpg.rf.whEuzFhgobCD8gUE8UdF.jpg,0,1,0,kept
train,/Users/balasubramanianvaidyalingam/Downloads/annotated-walk-assist.yolo26/train/labels/ab9e8054-bdda-4db3-aba2-76e333728f3f_jpg.rf.CzFb6WAopcFv5qFHNuZH.txt,/Users/balasubramanianvaidyalingam/Downloads/annotated-walk-assist.yolo26/train/images/ab9e8054-bdda-4db3-aba2-76e333728f3f_jpg.rf.CzFb6WAopcFv5qFHNuZH.jpg,0,0,0,kept_empty_label
train,/Users/balasubramanianvaidyalingam/Downloads/annotated-walk-assist.yolo26/train/labels/ad631301-863c-4b42-bd51-6f7f47f30d87_jpg.rf.ZKwAdffshrDmlFPAhpxs.txt,/Users/balasubramanianvaidyalingam/Downloads/annotated-walk-assist.yolo26/train/images/ad631301-863c-4b42-bd51-6f7f47f30d87_jpg.rf.ZKwAdffshrDmlFPAhpxs.jpg,2,1,0,kept
train,/Users/balasubramanianvaidyalingam/Downloads/annotated-walk-assist.yolo26/train/labels/aebf7d5b-36e5-4324-ad93-df294e49f2e3_jpg.rf.W9zAMCSgn7BDLO2iVcEP.txt,/Users/balasubramanianvaidyalingam/Downloads/annotated-walk-assist.yolo26/train/images/aebf7d5b-36e5-4324-ad93-df294e49f2e3_jpg.rf.W9zAMCSgn7BDLO2iVcEP.jpg,2,1,0,kept
train,/Users/balasubramanianvaidyalingam/Downloads/annotated-walk-assist.yolo26/train/labels/aff9d863-e2a2-4afe-9bf9-3f9c6857d966_jpg.rf.ytb06zGEYhWra0MQlXV8.txt,/Users/balasubramanianvaidyalingam/Downloads/annotated-walk-assist.yolo26/train/images/aff9d863-e2a2-4afe-9bf9-3f9c6857d966_jpg.rf.ytb06zGEYhWra0MQlXV8.jpg,0,1,0,kept
train,/Users/balasubramanianvaidyalingam/Downloads/annotated-walk-assist.yolo26/train/labels/b0839f6f-3f84-40d9-8c34-982919f1390b_jpg.rf.XtN3xPlenHdrISWKfFTn.txt,/Users/balasubramanianvaidyalingam/Downloads/annotated-walk-assist.yolo26/train/images/b0839f6f-3f84-40d9-8c34-982919f1390b_jpg.rf.XtN3xPlenHdrISWKfFTn.jpg,2,1,0,kept
train,/Users/balasubramanianvaidyalingam/Downloads/annotated-walk-assist.yolo26/train/labels/b16b4029-e099-478c-9a24-4117e27e963b_jpg.rf.VxwJG2NJcg7dhcdmECd5.txt,/Users/balasubramanianvaidyalingam/Downloads/annotated-walk-assist.yolo26/train/images/b16b4029-e099-478c-9a24-4117e27e963b_jpg.rf.VxwJG2NJcg7dhcdmECd5.jpg,2,1,0,kept
train,/Users/balasubramanianvaidyalingam/Downloads/annotated-walk-assist.yolo26/train/labels/b25d1465-6e6c-4425-9bc6-abaecb74eb92_jpg.rf.ELELTfsE7wkgz8GghDyR.txt,/Users/balasubramanianvaidyalingam/Downloads/annotated-walk-assist.yolo26/train/images/b25d1465-6e6c-4425-9bc6-abaecb74eb92_jpg.rf.ELELTfsE7wkgz8GghDyR.jpg,0,1,0,kept
train,/Users/balasubramanianvaidyalingam/Downloads/annotated-walk-assist.yolo26/train/labels/b2642227-209f-430e-8bf3-81528bebc0cc_jpg.rf.hFfL7M7N3GX9zLWRi3UZ.txt,/Users/balasubramanianvaidyalingam/Downloads/annotated-walk-assist.yolo26/train/images/b2642227-209f-430e-8bf3-81528bebc0cc_jpg.rf.hFfL7M7N3GX9zLWRi3UZ.jpg,9,0,0,kept
train,/Users/balasubramanianvaidyalingam/Downloads/annotated-walk-assist.yolo26/train/labels/b2e6d7c4-da88-4353-9abf-99fbcc6149ac_jpg.rf.pcTToE9LTQ8iDuOkoB0n.txt,/Users/balasubramanianvaidyalingam/Downloads/annotated-walk-assist.yolo26/train/images/b2e6d7c4-da88-4353-9abf-99fbcc6149ac_jpg.rf.pcTToE9LTQ8iDuOkoB0n.jpg,0,1,0,kept
train,/Users/balasubramanianvaidyalingam/Downloads/annotated-walk-assist.yolo26/train/labels/b53d99f1-8133-46f1-a950-e0ced22258c0_jpg.rf.GJ73CgQQSuQI7mDxO8dW.txt,/Users/balasubramanianvaidyalingam/Downloads/annotated-walk-assist.yolo26/train/images/b53d99f1-8133-46f1-a950-e0ced22258c0_jpg.rf.GJ73CgQQSuQI7mDxO8dW.jpg,8,0,0,kept
train,/Users/balasubramanianvaidyalingam/Downloads/annotated-walk-assist.yolo26/train/labels/b547ed83-4659-4e95-99dc-4b22827540cb_jpg.rf.KpLt5eZRLEK7yOO8phcN.txt,/Users/balasubramanianvaidyalingam/Downloads/annotated-walk-assist.yolo26/train/images/b547ed83-4659-4e95-99dc-4b22827540cb_jpg.rf.KpLt5eZRLEK7yOO8phcN.jpg,0,1,0,kept
train,/Users/balasubramanianvaidyalingam/Downloads/annotated-walk-assist.yolo26/train/labels/b7da507b-6dad-49e7-bc78-16aec36a6f19_jpg.rf.GpFDezlBiapiTS2QKUT3.txt,/Users/balasubramanianvaidyalingam/Downloads/annotated-walk-assist.yolo26/train/images/b7da507b-6dad-49e7-bc78-16aec36a6f19_jpg.rf.GpFDezlBiapiTS2QKUT3.jpg,3,0,0,kept
train,/Users/balasubramanianvaidyalingam/Downloads/annotated-walk-assist.yolo26/train/labels/b8af954a-6099-4e85-bcf4-e4a49dde3297_jpg.rf.syhrmM6XNHVeWSaVzHsU.txt,/Users/balasubramanianvaidyalingam/Downloads/annotated-walk-assist.yolo26/train/images/b8af954a-6099-4e85-bcf4-e4a49dde3297_jpg.rf.syhrmM6XNHVeWSaVzHsU.jpg,0,2,0,kept
train,/Users/balasubramanianvaidyalingam/Downloads/annotated-walk-assist.yolo26/train/labels/b8dd9ece-b501-4a7d-b5e0-03b1405c81eb_jpg.rf.nJMmTnVyzRCEYeKyhIky.txt,/Users/balasubramanianvaidyalingam/Downloads/annotated-walk-assist.yolo26/train/images/b8dd9ece-b501-4a7d-b5e0-03b1405c81eb_jpg.rf.nJMmTnVyzRCEYeKyhIky.jpg,8,4,0,kept
train,/Users/balasubramanianvaidyalingam/Downloads/annotated-walk-assist.yolo26/train/labels/b91d1245-73fd-403c-81f2-d03b4212320a_jpg.rf.YT4u3Yn5OWet5SkMB87j.txt,/Users/balasubramanianvaidyalingam/Downloads/annotated-walk-assist.yolo26/train/images/b91d1245-73fd-403c-81f2-d03b4212320a_jpg.rf.YT4u3Yn5OWet5SkMB87j.jpg,0,1,0,kept
train,/Users/balasubramanianvaidyalingam/Downloads/annotated-walk-assist.yolo26/train/labels/b922ff98-7886-4e9d-9818-b1b78ea772e1_jpg.rf.yZlfZemR5BKZeLJ6KUU7.txt,/Users/balasubramanianvaidyalingam/Downloads/annotated-walk-assist.yolo26/train/images/b922ff98-7886-4e9d-9818-b1b78ea772e1_jpg.rf.yZlfZemR5BKZeLJ6KUU7.jpg,0,1,0,kept
train,/Users/balasubramanianvaidyalingam/Downloads/annotated-walk-assist.yolo26/train/labels/bc90788b-a317-4873-a7dc-1d6c8360664f_jpg.rf.ctrHFcttFTtUvlf2tcm0.txt,/Users/balasubramanianvaidyalingam/Downloads/annotated-walk-assist.yolo26/train/images/bc90788b-a317-4873-a7dc-1d6c8360664f_jpg.rf.ctrHFcttFTtUvlf2tcm0.jpg,3,1,0,kept
train,/Users/balasubramanianvaidyalingam/Downloads/annotated-walk-assist.yolo26/train/labels/bdd9f9d6-9dbe-4844-b641-5c2f1a9fc425_jpg.rf.kuTHJf7Pt4gqUMFRfnCd.txt,/Users/balasubramanianvaidyalingam/Downloads/annotated-walk-assist.yolo26/train/images/bdd9f9d6-9dbe-4844-b641-5c2f1a9fc425_jpg.rf.kuTHJf7Pt4gqUMFRfnCd.jpg,0,1,0,kept
train,/Users/balasubramanianvaidyalingam/Downloads/annotated-walk-assist.yolo26/train/labels/bf16fdd7-94b6-4d01-b4ae-5ad3448fc858_jpg.rf.vjkn9ZWbodOddfywvvpk.txt,/Users/balasubramanianvaidyalingam/Downloads/annotated-walk-assist.yolo26/train/images/bf16fdd7-94b6-4d01-b4ae-5ad3448fc858_jpg.rf.vjkn9ZWbodOddfywvvpk.jpg,0,1,0,kept
train,/Users/balasubramanianvaidyalingam/Downloads/annotated-walk-assist.yolo26/train/labels/bf70454c-4544-438a-a706-2da941507f95_jpg.rf.IPwV0h6N9gG4NBFcIsy9.txt,/Users/balasubramanianvaidyalingam/Downloads/annotated-walk-assist.yolo26/train/images/bf70454c-4544-438a-a706-2da941507f95_jpg.rf.IPwV0h6N9gG4NBFcIsy9.jpg,1,1,0,kept
train,/Users/balasubramanianvaidyalingam/Downloads/annotated-walk-assist.yolo26/train/labels/bf9db9e5-1ea2-4cec-a3c6-76d25e51f455_jpg.rf.oxDpvcRMp9titC2ufwnr.txt,/Users/balasubramanianvaidyalingam/Downloads/annotated-walk-assist.yolo26/train/images/bf9db9e5-1ea2-4cec-a3c6-76d25e51f455_jpg.rf.oxDpvcRMp9titC2ufwnr.jpg,0,1,0,kept
train,/Users/balasubramanianvaidyalingam/Downloads/annotated-walk-assist.yolo26/train/labels/c1a5af2a-9a1c-4d90-9622-bfb9f8a29f47_jpg.rf.kQOi9nb1yqHnJLDsCA3O.txt,/Users/balasubramanianvaidyalingam/Downloads/annotated-walk-assist.yolo26/train/images/c1a5af2a-9a1c-4d90-9622-bfb9f8a29f47_jpg.rf.kQOi9nb1yqHnJLDsCA3O.jpg,6,0,0,kept
train,/Users/balasubramanianvaidyalingam/Downloads/annotated-walk-assist.yolo26/train/labels/c1ac4bbf-abe9-47e4-b5bb-e31ac14ed3c8_jpg.rf.x2AsvX4FuQ264MaIyrDi.txt,/Users/balasubramanianvaidyalingam/Downloads/annotated-walk-assist.yolo26/train/images/c1ac4bbf-abe9-47e4-b5bb-e31ac14ed3c8_jpg.rf.x2AsvX4FuQ264MaIyrDi.jpg,0,1,0,kept
train,/Users/balasubramanianvaidyalingam/Downloads/annotated-walk-assist.yolo26/train/labels/c3af23da-a84e-4d6a-bced-acb4f114b47e_jpg.rf.pF4tZQ4NawN7l1iD8Joe.txt,/Users/balasubramanianvaidyalingam/Downloads/annotated-walk-assist.yolo26/train/images/c3af23da-a84e-4d6a-bced-acb4f114b47e_jpg.rf.pF4tZQ4NawN7l1iD8Joe.jpg,0,2,0,kept
train,/Users/balasubramanianvaidyalingam/Downloads/annotated-walk-assist.yolo26/train/labels/c5cd98ab-1b78-4228-94b3-be16241faddc_jpg.rf.bbtrX2WYv8RCRpPSbScr.txt,/Users/balasubramanianvaidyalingam/Downloads/annotated-walk-assist.yolo26/train/images/c5cd98ab-1b78-4228-94b3-be16241faddc_jpg.rf.bbtrX2WYv8RCRpPSbScr.jpg,1,1,0,kept
train,/Users/balasubramanianvaidyalingam/Downloads/annotated-walk-assist.yolo26/train/labels/c6e36fec-4fdb-4316-8be0-8ba6617dcbb6_jpg.rf.iTQ9t7Hr2mCVJwjtYmZD.txt,/Users/balasubramanianvaidyalingam/Downloads/annotated-walk-assist.yolo26/train/images/c6e36fec-4fdb-4316-8be0-8ba6617dcbb6_jpg.rf.iTQ9t7Hr2mCVJwjtYmZD.jpg,12,1,0,kept
train,/Users/balasubramanianvaidyalingam/Downloads/annotated-walk-assist.yolo26/train/labels/c9881001-04e2-4ad2-a9c2-f7d1bba89abe_jpg.rf.Q8v96lw6DYDgUnluNaM5.txt,/Users/balasubramanianvaidyalingam/Downloads/annotated-walk-assist.yolo26/train/images/c9881001-04e2-4ad2-a9c2-f7d1bba89abe_jpg.rf.Q8v96lw6DYDgUnluNaM5.jpg,1,1,0,kept
train,/Users/balasubramanianvaidyalingam/Downloads/annotated-walk-assist.yolo26/train/labels/ca425bc2-ac73-4884-97fe-6a77585c51d9_jpg.rf.y3I7Fx9qvviVIiOUTsNl.txt,/Users/balasubramanianvaidyalingam/Downloads/annotated-walk-assist.yolo26/train/images/ca425bc2-ac73-4884-97fe-6a77585c51d9_jpg.rf.y3I7Fx9qvviVIiOUTsNl.jpg,0,0,0,kept_empty_label
train,/Users/balasubramanianvaidyalingam/Downloads/annotated-walk-assist.yolo26/train/labels/caf52d97-cefa-4529-ad03-87f17325119f_jpg.rf.a4OWEmU0t3HM2aR48OsW.txt,/Users/balasubramanianvaidyalingam/Downloads/annotated-walk-assist.yolo26/train/images/caf52d97-cefa-4529-ad03-87f17325119f_jpg.rf.a4OWEmU0t3HM2aR48OsW.jpg,2,0,0,kept
train,/Users/balasubramanianvaidyalingam/Downloads/annotated-walk-assist.yolo26/train/labels/cb7f7b5c-0343-4d78-8962-8096098801a4_jpg.rf.TTdivW83fLHylOJtR9c9.txt,/Users/balasubramanianvaidyalingam/Downloads/annotated-walk-assist.yolo26/train/images/cb7f7b5c-0343-4d78-8962-8096098801a4_jpg.rf.TTdivW83fLHylOJtR9c9.jpg,3,1,0,kept
train,/Users/balasubramanianvaidyalingam/Downloads/annotated-walk-assist.yolo26/train/labels/ce65557e-cd98-46c6-8438-be5df4b8e0db_jpg.rf.PAI0zAgZ9h3au2UOoVnc.txt,/Users/balasubramanianvaidyalingam/Downloads/annotated-walk-assist.yolo26/train/images/ce65557e-cd98-46c6-8438-be5df4b8e0db_jpg.rf.PAI0zAgZ9h3au2UOoVnc.jpg,3,1,0,kept
train,/Users/balasubramanianvaidyalingam/Downloads/annotated-walk-assist.yolo26/train/labels/ced480dc-9d64-47d8-bf12-fcabb129bfb2_jpg.rf.mIk6p0ra4jZzuVJb3t6u.txt,/Users/balasubramanianvaidyalingam/Downloads/annotated-walk-assist.yolo26/train/images/ced480dc-9d64-47d8-bf12-fcabb129bfb2_jpg.rf.mIk6p0ra4jZzuVJb3t6u.jpg,0,1,0,kept
train,/Users/balasubramanianvaidyalingam/Downloads/annotated-walk-assist.yolo26/train/labels/d06ae4ac-c6fc-4025-9e1b-87eee31de582_jpg.rf.cbnNC5VChpEMjmYS9BFL.txt,/Users/balasubramanianvaidyalingam/Downloads/annotated-walk-assist.yolo26/train/images/d06ae4ac-c6fc-4025-9e1b-87eee31de582_jpg.rf.cbnNC5VChpEMjmYS9BFL.jpg,20,0,0,kept
train,/Users/balasubramanianvaidyalingam/Downloads/annotated-walk-assist.yolo26/train/labels/da13ad04-4ab1-4f14-8390-c6a8bf88e071_jpg.rf.TjN3CoAPy4tgpZDYnyHg.txt,/Users/balasubramanianvaidyalingam/Downloads/annotated-walk-assist.yolo26/train/images/da13ad04-4ab1-4f14-8390-c6a8bf88e071_jpg.rf.TjN3CoAPy4tgpZDYnyHg.jpg,0,0,0,kept_empty_label
train,/Users/balasubramanianvaidyalingam/Downloads/annotated-walk-assist.yolo26/train/labels/db83aa69-f5a6-4be5-9f83-e321c72dc071_jpg.rf.ccO3lWUJA1F3jUP2qcUx.txt,/Users/balasubramanianvaidyalingam/Downloads/annotated-walk-assist.yolo26/train/images/db83aa69-f5a6-4be5-9f83-e321c72dc071_jpg.rf.ccO3lWUJA1F3jUP2qcUx.jpg,1,0,0,kept
train,/Users/balasubramanianvaidyalingam/Downloads/annotated-walk-assist.yolo26/train/labels/dfa005d3-191f-4285-928f-53a3ead0723a_jpg.rf.FqHGl11V1bcPr6AK5gF6.txt,/Users/balasubramanianvaidyalingam/Downloads/annotated-walk-assist.yolo26/train/images/dfa005d3-191f-4285-928f-53a3ead0723a_jpg.rf.FqHGl11V1bcPr6AK5gF6.jpg,6,2,0,kept
train,/Users/balasubramanianvaidyalingam/Downloads/annotated-walk-assist.yolo26/train/labels/e16e685a-a6d4-4bad-8bf8-31bb3f343638_jpg.rf.Dn7u14CHQqkpjc3kjRe3.txt,/Users/balasubramanianvaidyalingam/Downloads/annotated-walk-assist.yolo26/train/images/e16e685a-a6d4-4bad-8bf8-31bb3f343638_jpg.rf.Dn7u14CHQqkpjc3kjRe3.jpg,0,1,0,kept
train,/Users/balasubramanianvaidyalingam/Downloads/annotated-walk-assist.yolo26/train/labels/e1c51bd0-84d5-4cf6-bf52-542e2bf06cde_jpg.rf.qsPDIjNVSyVKXS6tyfMr.txt,/Users/balasubramanianvaidyalingam/Downloads/annotated-walk-assist.yolo26/train/images/e1c51bd0-84d5-4cf6-bf52-542e2bf06cde_jpg.rf.qsPDIjNVSyVKXS6tyfMr.jpg,0,1,0,kept
train,/Users/balasubramanianvaidyalingam/Downloads/annotated-walk-assist.yolo26/train/labels/e965ce1c-a945-4d69-990f-8bc174d050c3_jpg.rf.mX1EVt1gZMiAFfh1IfIM.txt,/Users/balasubramanianvaidyalingam/Downloads/annotated-walk-assist.yolo26/train/images/e965ce1c-a945-4d69-990f-8bc174d050c3_jpg.rf.mX1EVt1gZMiAFfh1IfIM.jpg,0,0,0,kept_empty_label
train,/Users/balasubramanianvaidyalingam/Downloads/annotated-walk-assist.yolo26/train/labels/eb00fe2c-4a1a-4ce6-943c-1f370ca3f241_jpg.rf.V2nv9cvS74Esh5KPPJ5n.txt,/Users/balasubramanianvaidyalingam/Downloads/annotated-walk-assist.yolo26/train/images/eb00fe2c-4a1a-4ce6-943c-1f370ca3f241_jpg.rf.V2nv9cvS74Esh5KPPJ5n.jpg,15,1,0,kept
train,/Users/balasubramanianvaidyalingam/Downloads/annotated-walk-assist.yolo26/train/labels/eb3a70ad-1817-4d03-ac23-4038fcfd8e6f_jpg.rf.Lkw0jFuVyN7Y5L3tMrl0.txt,/Users/balasubramanianvaidyalingam/Downloads/annotated-walk-assist.yolo26/train/images/eb3a70ad-1817-4d03-ac23-4038fcfd8e6f_jpg.rf.Lkw0jFuVyN7Y5L3tMrl0.jpg,3,0,0,kept
train,/Users/balasubramanianvaidyalingam/Downloads/annotated-walk-assist.yolo26/train/labels/edd6cce7-b899-4e56-9bb4-6925551f887a_jpg.rf.yeG64r9SCLJkzRjjGkFm.txt,/Users/balasubramanianvaidyalingam/Downloads/annotated-walk-assist.yolo26/train/images/edd6cce7-b899-4e56-9bb4-6925551f887a_jpg.rf.yeG64r9SCLJkzRjjGkFm.jpg,0,1,0,kept
train,/Users/balasubramanianvaidyalingam/Downloads/annotated-walk-assist.yolo26/train/labels/efe1a855-538d-4546-9535-67af1cbb2625_jpg.rf.bs5XfEBsxdSkBV1khtSx.txt,/Users/balasubramanianvaidyalingam/Downloads/annotated-walk-assist.yolo26/train/images/efe1a855-538d-4546-9535-67af1cbb2625_jpg.rf.bs5XfEBsxdSkBV1khtSx.jpg,6,1,0,kept
train,/Users/balasubramanianvaidyalingam/Downloads/annotated-walk-assist.yolo26/train/labels/f07a6f6b-93d2-45fb-9244-5d3b85157a45_jpg.rf.naFjDlxv5knLETYn79Wy.txt,/Users/balasubramanianvaidyalingam/Downloads/annotated-walk-assist.yolo26/train/images/f07a6f6b-93d2-45fb-9244-5d3b85157a45_jpg.rf.naFjDlxv5knLETYn79Wy.jpg,0,1,0,kept
train,/Users/balasubramanianvaidyalingam/Downloads/annotated-walk-assist.yolo26/train/labels/f1a6698d-6aab-41bf-b4f7-36c59112a602_jpg.rf.MARhc6oi1iAE42k6UQRk.txt,/Users/balasubramanianvaidyalingam/Downloads/annotated-walk-assist.yolo26/train/images/f1a6698d-6aab-41bf-b4f7-36c59112a602_jpg.rf.MARhc6oi1iAE42k6UQRk.jpg,4,0,0,kept
train,/Users/balasubramanianvaidyalingam/Downloads/annotated-walk-assist.yolo26/train/labels/f5115247-18de-43a6-b79a-e1b2bd4861d4_jpg.rf.VOy087OwXyVR0gGumx9D.txt,/Users/balasubramanianvaidyalingam/Downloads/annotated-walk-assist.yolo26/train/images/f5115247-18de-43a6-b79a-e1b2bd4861d4_jpg.rf.VOy087OwXyVR0gGumx9D.jpg,11,2,0,kept
train,/Users/balasubramanianvaidyalingam/Downloads/annotated-walk-assist.yolo26/train/labels/f84fcc6d-0247-4757-8a8b-5fa662af04c2_jpg.rf.ilKIOGbuEpzmo5xlkw91.txt,/Users/balasubramanianvaidyalingam/Downloads/annotated-walk-assist.yolo26/train/images/f84fcc6d-0247-4757-8a8b-5fa662af04c2_jpg.rf.ilKIOGbuEpzmo5xlkw91.jpg,1,1,0,kept
train,/Users/balasubramanianvaidyalingam/Downloads/annotated-walk-assist.yolo26/train/labels/f98784b2-4686-412e-baf7-14e480d1c1c9_jpg.rf.JgHwsNgw18ou7usQNFaK.txt,/Users/balasubramanianvaidyalingam/Downloads/annotated-walk-assist.yolo26/train/images/f98784b2-4686-412e-baf7-14e480d1c1c9_jpg.rf.JgHwsNgw18ou7usQNFaK.jpg,8,0,0,kept
train,/Users/balasubramanianvaidyalingam/Downloads/annotated-walk-assist.yolo26/train/labels/fb1b24f7-038d-4e61-9c01-426f14f34af5_jpg.rf.I79IkUCUYbeALJtRny8L.txt,/Users/balasubramanianvaidyalingam/Downloads/annotated-walk-assist.yolo26/train/images/fb1b24f7-038d-4e61-9c01-426f14f34af5_jpg.rf.I79IkUCUYbeALJtRny8L.jpg,6,0,0,kept
train,/Users/balasubramanianvaidyalingam/Downloads/annotated-walk-assist.yolo26/train/labels/fb57d19e-ebb4-40e4-a09b-f5fd1aea47bd_jpg.rf.MIjGoXlZeyKCYAyADWGo.txt,/Users/balasubramanianvaidyalingam/Downloads/annotated-walk-assist.yolo26/train/images/fb57d19e-ebb4-40e4-a09b-f5fd1aea47bd_jpg.rf.MIjGoXlZeyKCYAyADWGo.jpg,3,0,0,kept
train,/Users/balasubramanianvaidyalingam/Downloads/annotated-walk-assist.yolo26/train/labels/ffbc4f5d-f4b3-4782-bad5-af01978391f3_jpg.rf.Fq4uDjdyIYM5vDvAyDyQ.txt,/Users/balasubramanianvaidyalingam/Downloads/annotated-walk-assist.yolo26/train/images/ffbc4f5d-f4b3-4782-bad5-af01978391f3_jpg.rf.Fq4uDjdyIYM5vDvAyDyQ.jpg,1,0,0,kept
valid,/Users/balasubramanianvaidyalingam/Downloads/annotated-walk-assist.yolo26/valid/labels/0157eac4-dd22-43ea-b2c1-7fdd55d2f255_jpg.rf.2IjY7t2LVKabm8nVUSTn.txt,/Users/balasubramanianvaidyalingam/Downloads/annotated-walk-assist.yolo26/valid/images/0157eac4-dd22-43ea-b2c1-7fdd55d2f255_jpg.rf.2IjY7t2LVKabm8nVUSTn.jpg,0,1,0,kept
valid,/Users/balasubramanianvaidyalingam/Downloads/annotated-walk-assist.yolo26/valid/labels/176a8c18-b5f1-4af3-8097-a1f2f34ba571_jpg.rf.3CJcg3PfLE3FEb7k0HVi.txt,/Users/balasubramanianvaidyalingam/Downloads/annotated-walk-assist.yolo26/valid/images/176a8c18-b5f1-4af3-8097-a1f2f34ba571_jpg.rf.3CJcg3PfLE3FEb7k0HVi.jpg,0,1,0,kept
valid,/Users/balasubramanianvaidyalingam/Downloads/annotated-walk-assist.yolo26/valid/labels/2093eb51-e9b1-450d-9dc0-a915bc92e4cf_jpg.rf.5ojf8CjDHCcGruGk3I9S.txt,/Users/balasubramanianvaidyalingam/Downloads/annotated-walk-assist.yolo26/valid/images/2093eb51-e9b1-450d-9dc0-a915bc92e4cf_jpg.rf.5ojf8CjDHCcGruGk3I9S.jpg,0,1,0,kept
valid,/Users/balasubramanianvaidyalingam/Downloads/annotated-walk-assist.yolo26/valid/labels/2b845fcd-8099-4a60-82eb-68d8f9e033e6_jpg.rf.1SsIBNuCUWkSlxLp624f.txt,/Users/balasubramanianvaidyalingam/Downloads/annotated-walk-assist.yolo26/valid/images/2b845fcd-8099-4a60-82eb-68d8f9e033e6_jpg.rf.1SsIBNuCUWkSlxLp624f.jpg,0,1,0,kept
valid,/Users/balasubramanianvaidyalingam/Downloads/annotated-walk-assist.yolo26/valid/labels/2e259502-453c-4063-a2ad-200364ad1ee1_jpg.rf.0XpNs8Odfq1QL82ILU2K.txt,/Users/balasubramanianvaidyalingam/Downloads/annotated-walk-assist.yolo26/valid/images/2e259502-453c-4063-a2ad-200364ad1ee1_jpg.rf.0XpNs8Odfq1QL82ILU2K.jpg,1,0,0,kept
valid,/Users/balasubramanianvaidyalingam/Downloads/annotated-walk-assist.yolo26/valid/labels/53a5bd27-9855-49d5-8eb7-a9b75f44121e_jpg.rf.3l2t3kM9kMFWSRpjufZX.txt,/Users/balasubramanianvaidyalingam/Downloads/annotated-walk-assist.yolo26/valid/images/53a5bd27-9855-49d5-8eb7-a9b75f44121e_jpg.rf.3l2t3kM9kMFWSRpjufZX.jpg,0,1,0,kept
valid,/Users/balasubramanianvaidyalingam/Downloads/annotated-walk-assist.yolo26/valid/labels/54dc5482-0689-4a0b-a672-dd4874d03619_jpg.rf.4TuMU6FpAJUPPOVDzBNx.txt,/Users/balasubramanianvaidyalingam/Downloads/annotated-walk-assist.yolo26/valid/images/54dc5482-0689-4a0b-a672-dd4874d03619_jpg.rf.4TuMU6FpAJUPPOVDzBNx.jpg,1,0,0,kept
valid,/Users/balasubramanianvaidyalingam/Downloads/annotated-walk-assist.yolo26/valid/labels/6265ed5c-cd2f-413d-96e2-ecd7f6fd7904_jpg.rf.5HBvaIoCSKNjnRjntP39.txt,/Users/balasubramanianvaidyalingam/Downloads/annotated-walk-assist.yolo26/valid/images/6265ed5c-cd2f-413d-96e2-ecd7f6fd7904_jpg.rf.5HBvaIoCSKNjnRjntP39.jpg,1,1,0,kept
valid,/Users/balasubramanianvaidyalingam/Downloads/annotated-walk-assist.yolo26/valid/labels/6b250574-c99a-4e2d-84c4-412ff74ed65a_jpg.rf.1ZKlE8t3A3Tge9ayb9tj.txt,/Users/balasubramanianvaidyalingam/Downloads/annotated-walk-assist.yolo26/valid/images/6b250574-c99a-4e2d-84c4-412ff74ed65a_jpg.rf.1ZKlE8t3A3Tge9ayb9tj.jpg,0,1,0,kept
valid,/Users/balasubramanianvaidyalingam/Downloads/annotated-walk-assist.yolo26/valid/labels/809e0b70-69f6-4bb8-a4ca-73cdabea3dfa_jpg.rf.2RMTVKLo7B5nOlYwXyVx.txt,/Users/balasubramanianvaidyalingam/Downloads/annotated-walk-assist.yolo26/valid/images/809e0b70-69f6-4bb8-a4ca-73cdabea3dfa_jpg.rf.2RMTVKLo7B5nOlYwXyVx.jpg,0,0,0,kept_empty_label
valid,/Users/balasubramanianvaidyalingam/Downloads/annotated-walk-assist.yolo26/valid/labels/88edb626-4e5d-401f-99eb-75bf5df0af84_jpg.rf.4U2b5BmcA3jfv3i6Apsh.txt,/Users/balasubramanianvaidyalingam/Downloads/annotated-walk-assist.yolo26/valid/images/88edb626-4e5d-401f-99eb-75bf5df0af84_jpg.rf.4U2b5BmcA3jfv3i6Apsh.jpg,1,0,0,kept
valid,/Users/balasubramanianvaidyalingam/Downloads/annotated-walk-assist.yolo26/valid/labels/8ce1374f-496a-41f5-abd7-fd75b21bd2f7_jpg.rf.3HgFh9kiwIbymWGcSrbp.txt,/Users/balasubramanianvaidyalingam/Downloads/annotated-walk-assist.yolo26/valid/images/8ce1374f-496a-41f5-abd7-fd75b21bd2f7_jpg.rf.3HgFh9kiwIbymWGcSrbp.jpg,0,1,0,kept
valid,/Users/balasubramanianvaidyalingam/Downloads/annotated-walk-assist.yolo26/valid/labels/8f5d427a-8856-4ad1-929b-35673d1b147c_jpg.rf.2Y7KpjeQa2WeaMdcNbC6.txt,/Users/balasubramanianvaidyalingam/Downloads/annotated-walk-assist.yolo26/valid/images/8f5d427a-8856-4ad1-929b-35673d1b147c_jpg.rf.2Y7KpjeQa2WeaMdcNbC6.jpg,0,1,0,kept
valid,/Users/balasubramanianvaidyalingam/Downloads/annotated-walk-assist.yolo26/valid/labels/Screen Shot 2022-07-09 at 12-59-20 PM_png.rf.0vW4HORZFGTWij8CY0B5.txt,/Users/balasubramanianvaidyalingam/Downloads/annotated-walk-assist.yolo26/valid/images/Screen Shot 2022-07-09 at 12-59-20 PM_png.rf.0vW4HORZFGTWij8CY0B5.png,1,0,0,kept
valid,/Users/balasubramanianvaidyalingam/Downloads/annotated-walk-assist.yolo26/valid/labels/be82d74e-92ce-4b12-a48a-237fed552126_jpg.rf.2pBE5159qkvNCCKeWMhT.txt,/Users/balasubramanianvaidyalingam/Downloads/annotated-walk-assist.yolo26/valid/images/be82d74e-92ce-4b12-a48a-237fed552126_jpg.rf.2pBE5159qkvNCCKeWMhT.jpg,4,0,0,kept
valid,/Users/balasubramanianvaidyalingam/Downloads/annotated-walk-assist.yolo26/valid/labels/be9733ed-0c83-44eb-9bac-413c589e4902_jpg.rf.5pXnXZ5ZorClzZegQ0vG.txt,/Users/balasubramanianvaidyalingam/Downloads/annotated-walk-assist.yolo26/valid/images/be9733ed-0c83-44eb-9bac-413c589e4902_jpg.rf.5pXnXZ5ZorClzZegQ0vG.jpg,0,1,0,kept
valid,/Users/balasubramanianvaidyalingam/Downloads/annotated-walk-assist.yolo26/valid/labels/c99b5858-dc79-4653-8454-2ea4c1f9d462_jpg.rf.4Uc9Caq6SgBXo7vkiQJs.txt,/Users/balasubramanianvaidyalingam/Downloads/annotated-walk-assist.yolo26/valid/images/c99b5858-dc79-4653-8454-2ea4c1f9d462_jpg.rf.4Uc9Caq6SgBXo7vkiQJs.jpg,1,0,0,kept
valid,/Users/balasubramanianvaidyalingam/Downloads/annotated-walk-assist.yolo26/valid/labels/e163a572-6d68-4760-80a5-d07b084d95c0_jpg.rf.0yWmkujApP23fQTtX75j.txt,/Users/balasubramanianvaidyalingam/Downloads/annotated-walk-assist.yolo26/valid/images/e163a572-6d68-4760-80a5-d07b084d95c0_jpg.rf.0yWmkujApP23fQTtX75j.jpg,0,1,0,kept
valid,/Users/balasubramanianvaidyalingam/Downloads/annotated-walk-assist.yolo26/valid/labels/e636f87c-df6b-4470-bc3d-26798fd09dd1_jpg.rf.3OgQD80NZms8yreuN6lE.txt,/Users/balasubramanianvaidyalingam/Downloads/annotated-walk-assist.yolo26/valid/images/e636f87c-df6b-4470-bc3d-26798fd09dd1_jpg.rf.3OgQD80NZms8yreuN6lE.jpg,1,0,0,kept
valid,/Users/balasubramanianvaidyalingam/Downloads/annotated-walk-assist.yolo26/valid/labels/f366e412-3ae4-40fc-8082-da61e2758118_jpg.rf.5ZfAoqbdRRSb8mpnuB9U.txt,/Users/balasubramanianvaidyalingam/Downloads/annotated-walk-assist.yolo26/valid/images/f366e412-3ae4-40fc-8082-da61e2758118_jpg.rf.5ZfAoqbdRRSb8mpnuB9U.jpg,0,1,0,kept
test,/Users/balasubramanianvaidyalingam/Downloads/annotated-walk-assist.yolo26/test/labels/19d2a31d-b951-427f-863e-60aad7318e3d_jpg.rf.AgLpZclIC08TaSbagMug.txt,/Users/balasubramanianvaidyalingam/Downloads/annotated-walk-assist.yolo26/test/images/19d2a31d-b951-427f-863e-60aad7318e3d_jpg.rf.AgLpZclIC08TaSbagMug.jpg,1,0,0,kept
test,/Users/balasubramanianvaidyalingam/Downloads/annotated-walk-assist.yolo26/test/labels/22f2dfa2-9498-4622-aa7b-76fa3f2c3bc4_jpg.rf.6C9oBzUnb6zDBAo1SqcF.txt,/Users/balasubramanianvaidyalingam/Downloads/annotated-walk-assist.yolo26/test/images/22f2dfa2-9498-4622-aa7b-76fa3f2c3bc4_jpg.rf.6C9oBzUnb6zDBAo1SqcF.jpg,1,1,0,kept
test,/Users/balasubramanianvaidyalingam/Downloads/annotated-walk-assist.yolo26/test/labels/45b26b3c-2bd7-4c09-8280-500b5106786f_jpg.rf.AiyNq8cEw00gLtscUiC7.txt,/Users/balasubramanianvaidyalingam/Downloads/annotated-walk-assist.yolo26/test/images/45b26b3c-2bd7-4c09-8280-500b5106786f_jpg.rf.AiyNq8cEw00gLtscUiC7.jpg,1,1,0,kept
test,/Users/balasubramanianvaidyalingam/Downloads/annotated-walk-assist.yolo26/test/labels/5469491b-7c51-44e7-8c79-156647ca9141_jpg.rf.8xgM9p27EpwPsClvO55s.txt,/Users/balasubramanianvaidyalingam/Downloads/annotated-walk-assist.yolo26/test/images/5469491b-7c51-44e7-8c79-156647ca9141_jpg.rf.8xgM9p27EpwPsClvO55s.jpg,0,1,0,kept
test,/Users/balasubramanianvaidyalingam/Downloads/annotated-walk-assist.yolo26/test/labels/55aedb48-195f-44ee-87d3-c4c7d07ad193_jpg.rf.80IcsQeA03y4UsAEnIo2.txt,/Users/balasubramanianvaidyalingam/Downloads/annotated-walk-assist.yolo26/test/images/55aedb48-195f-44ee-87d3-c4c7d07ad193_jpg.rf.80IcsQeA03y4UsAEnIo2.jpg,1,0,0,kept
test,/Users/balasubramanianvaidyalingam/Downloads/annotated-walk-assist.yolo26/test/labels/5dfc6a12-f17c-43cd-8ea8-39e41b3aab9b_jpg.rf.A5DXmi8k1dFGCUi9ffxR.txt,/Users/balasubramanianvaidyalingam/Downloads/annotated-walk-assist.yolo26/test/images/5dfc6a12-f17c-43cd-8ea8-39e41b3aab9b_jpg.rf.A5DXmi8k1dFGCUi9ffxR.jpg,2,0,0,kept
test,/Users/balasubramanianvaidyalingam/Downloads/annotated-walk-assist.yolo26/test/labels/6e2fd067-5c4e-49ee-b1b8-e94fadcba3a3_jpg.rf.6R85Qyio7SzTKkL6hg2G.txt,/Users/balasubramanianvaidyalingam/Downloads/annotated-walk-assist.yolo26/test/images/6e2fd067-5c4e-49ee-b1b8-e94fadcba3a3_jpg.rf.6R85Qyio7SzTKkL6hg2G.jpg,0,1,0,kept
test,/Users/balasubramanianvaidyalingam/Downloads/annotated-walk-assist.yolo26/test/labels/7a2146a2-9feb-4031-98c5-94d10dc3b00e_jpg.rf.9tquKBjNWI1zAlSTlL2M.txt,/Users/balasubramanianvaidyalingam/Downloads/annotated-walk-assist.yolo26/test/images/7a2146a2-9feb-4031-98c5-94d10dc3b00e_jpg.rf.9tquKBjNWI1zAlSTlL2M.jpg,2,0,0,kept
test,/Users/balasubramanianvaidyalingam/Downloads/annotated-walk-assist.yolo26/test/labels/7fb01db7-265b-43ed-8fee-47992a6ea7d9_jpg.rf.6zlzJM9c9fRJ6OmF9m8l.txt,/Users/balasubramanianvaidyalingam/Downloads/annotated-walk-assist.yolo26/test/images/7fb01db7-265b-43ed-8fee-47992a6ea7d9_jpg.rf.6zlzJM9c9fRJ6OmF9m8l.jpg,0,0,0,kept_empty_label
test,/Users/balasubramanianvaidyalingam/Downloads/annotated-walk-assist.yolo26/test/labels/8140353b-5a7a-434b-9b22-71ec641fd48f_jpg.rf.7cLfM5QixB0cJ0cLSOMr.txt,/Users/balasubramanianvaidyalingam/Downloads/annotated-walk-assist.yolo26/test/images/8140353b-5a7a-434b-9b22-71ec641fd48f_jpg.rf.7cLfM5QixB0cJ0cLSOMr.jpg,0,1,0,kept
test,/Users/balasubramanianvaidyalingam/Downloads/annotated-walk-assist.yolo26/test/labels/83d62b72-bc62-4fd0-8b54-619604d643cd_jpg.rf.8uAI1dKcBpo4BEJA6Qoz.txt,/Users/balasubramanianvaidyalingam/Downloads/annotated-walk-assist.yolo26/test/images/83d62b72-bc62-4fd0-8b54-619604d643cd_jpg.rf.8uAI1dKcBpo4BEJA6Qoz.jpg,1,0,0,kept
test,/Users/balasubramanianvaidyalingam/Downloads/annotated-walk-assist.yolo26/test/labels/8d1d27d3-7166-46c7-8a67-e009e07e1ff7_jpg.rf.9kDLsrvN4uGVozfcOq4U.txt,/Users/balasubramanianvaidyalingam/Downloads/annotated-walk-assist.yolo26/test/images/8d1d27d3-7166-46c7-8a67-e009e07e1ff7_jpg.rf.9kDLsrvN4uGVozfcOq4U.jpg,1,0,0,kept
test,/Users/balasubramanianvaidyalingam/Downloads/annotated-walk-assist.yolo26/test/labels/8e3544b8-f957-4f31-b3a7-4893a6deda02_jpg.rf.8YIpx2UHJmGHFveW6auy.txt,/Users/balasubramanianvaidyalingam/Downloads/annotated-walk-assist.yolo26/test/images/8e3544b8-f957-4f31-b3a7-4893a6deda02_jpg.rf.8YIpx2UHJmGHFveW6auy.jpg,0,1,0,kept
test,/Users/balasubramanianvaidyalingam/Downloads/annotated-walk-assist.yolo26/test/labels/Screen Shot 2022-07-09 at 12-57-08 PM_png.rf.7hdNWv6228ql2zDRk8Rj.txt,/Users/balasubramanianvaidyalingam/Downloads/annotated-walk-assist.yolo26/test/images/Screen Shot 2022-07-09 at 12-57-08 PM_png.rf.7hdNWv6228ql2zDRk8Rj.png,0,1,0,kept
test,/Users/balasubramanianvaidyalingam/Downloads/annotated-walk-assist.yolo26/test/labels/b9932ad5-38d1-44b1-a538-ea5d94e2fe37_jpg.rf.77F472e5MGh7g9JAjMKG.txt,/Users/balasubramanianvaidyalingam/Downloads/annotated-walk-assist.yolo26/test/images/b9932ad5-38d1-44b1-a538-ea5d94e2fe37_jpg.rf.77F472e5MGh7g9JAjMKG.jpg,0,0,0,kept_empty_label
test,/Users/balasubramanianvaidyalingam/Downloads/annotated-walk-assist.yolo26/test/labels/b99d8588-d2f9-4a18-ac2f-e01d2c71407a_jpg.rf.6dyQu5YCmDgG78Y1v092.txt,/Users/balasubramanianvaidyalingam/Downloads/annotated-walk-assist.yolo26/test/images/b99d8588-d2f9-4a18-ac2f-e01d2c71407a_jpg.rf.6dyQu5YCmDgG78Y1v092.jpg,1,0,0,kept
test,/Users/balasubramanianvaidyalingam/Downloads/annotated-walk-assist.yolo26/test/labels/b9ba50f3-d9df-4337-97d4-85c163aa5da7_jpg.rf.9JUt8YyfJs0a2n5lML2V.txt,/Users/balasubramanianvaidyalingam/Downloads/annotated-walk-assist.yolo26/test/images/b9ba50f3-d9df-4337-97d4-85c163aa5da7_jpg.rf.9JUt8YyfJs0a2n5lML2V.jpg,0,2,0,kept
test,/Users/balasubramanianvaidyalingam/Downloads/annotated-walk-assist.yolo26/test/labels/ba325274-4231-4103-9a3e-ac29e2cf53c3_jpg.rf.BEv3F4HOZMZRhB7buxlz.txt,/Users/balasubramanianvaidyalingam/Downloads/annotated-walk-assist.yolo26/test/images/ba325274-4231-4103-9a3e-ac29e2cf53c3_jpg.rf.BEv3F4HOZMZRhB7buxlz.jpg,2,0,0,kept
test,/Users/balasubramanianvaidyalingam/Downloads/annotated-walk-assist.yolo26/test/labels/c414e8ca-37cf-4d58-ab01-8206a2dd918f_jpg.rf.Bw2EcTQagQwMPBh46FQg.txt,/Users/balasubramanianvaidyalingam/Downloads/annotated-walk-assist.yolo26/test/images/c414e8ca-37cf-4d58-ab01-8206a2dd918f_jpg.rf.Bw2EcTQagQwMPBh46FQg.jpg,0,1,0,kept
test,/Users/balasubramanianvaidyalingam/Downloads/annotated-walk-assist.yolo26/test/labels/d92daf05-66f6-4962-9493-e64147678902_jpg.rf.6lVOKZKeJ2ANEv6qMhk8.txt,/Users/balasubramanianvaidyalingam/Downloads/annotated-walk-assist.yolo26/test/images/d92daf05-66f6-4962-9493-e64147678902_jpg.rf.6lVOKZKeJ2ANEv6qMhk8.jpg,2,1,0,kept
test,/Users/balasubramanianvaidyalingam/Downloads/annotated-walk-assist.yolo26/test/labels/e20f8a7b-7d7d-4f1a-bd5a-bed7538bf22f_jpg.rf.AfUFtV1s0uxYRhRvJ8mh.txt,/Users/balasubramanianvaidyalingam/Downloads/annotated-walk-assist.yolo26/test/images/e20f8a7b-7d7d-4f1a-bd5a-bed7538bf22f_jpg.rf.AfUFtV1s0uxYRhRvJ8mh.jpg,0,3,0,kept
